observed_at,source_id,report_id,market,product_raw,origin_raw,variety_raw,quality,availability,wholesale_price,wholesale_unit,retail_price,retail_unit
2020-07-13,demo-mayorista,demo-may-2020-07-13,Mercado Abasto,Papaya,Santa Cruz,,,A,4.41,kg,,
2020-07-13,demo-mayorista,demo-may-2020-07-13,Mercado Abasto,Piña,Norte Integrado,,Primera,N,9.33,unidad,,
2020-07-13,demo-mayorista,demo-may-2020-07-13,Mercado Abasto,Mandarina,Cochabamba,,Primera,A,24.20,ciento,,
2020-07-13,demo-mayorista,demo-may-2020-07-13,Mercado Abasto,Naranja,Santa Cruz,Valencia,Primera,A,31.05,ciento,,
2020-07-13,demo-mayorista,demo-may-2020-07-13,Mercado Abasto,Fresa,Comarapa,,,A,11.62,kg,,
2020-07-13,demo-mayorista,demo-may-2020-07-13,Mercado Abasto,Guineo,Norte Integrado,,,A,26.52,chipa,,
2020-07-13,demo-mayorista,demo-may-2020-07-13,Mercado Abasto,Tomate,Cochabamba,,Primera,A,4.21,kg,,
2020-07-27,demo-mayorista,demo-may-2020-07-27,Mercado Abasto,Papaya,Norte Integrado,,,N,4.59,kg,,
2020-07-27,demo-mayorista,demo-may-2020-07-27,Mercado Abasto,Piña,Santa Cruz,,Segunda,N,8.42,unidad,,
2020-07-27,demo-mayorista,demo-may-2020-07-27,Mercado Abasto,Mandarina,,,Primera,N,27.53,ciento,,
2020-07-27,demo-mayorista,demo-may-2020-07-27,Mercado Abasto,Naranja,Santa Cruz,Criolla,,A,35.44,ciento,,
2020-07-27,demo-mayorista,demo-may-2020-07-27,Mercado Abasto,Frutilla,Valles Cruceños,,Primera,A,10.55,kg,,
2020-07-27,demo-mayorista,demo-may-2020-07-27,Mercado Abasto,Guineo,,,,A,26.59,chipa,,
2020-07-27,demo-mayorista,demo-may-2020-07-27,Mercado Abasto,Tomate,Santa Cruz,,,A,4.70,kg,,
2020-07-27,demo-mayorista,demo-may-2020-07-27,Mercado Abasto,Yuca,,,Primera,A,43.51,bolsa,,
2020-08-10,demo-mayorista,demo-may-2020-08-10,Mercado Abasto,Papaya,Santa Cruz,,Primera,N,5.03,kg,,
2020-08-10,demo-mayorista,demo-may-2020-08-10,Mercado Abasto,Piña,,,Segunda,N,9.43,unidad,,
2020-08-10,demo-mayorista,demo-may-2020-08-10,Mercado Abasto,Mandarina,,,Segunda,N,32.59,ciento,,
2020-08-10,demo-mayorista,demo-may-2020-08-10,Mercado Abasto,Durazno,Argentina,,Primera,E,11.25,kg,,
2020-08-10,demo-mayorista,demo-may-2020-08-10,Mercado Abasto,Frutilla,Comarapa,,Primera,A,9.25,kg,,
2020-08-10,demo-mayorista,demo-may-2020-08-10,Mercado Abasto,Banano,Norte Integrado,,Segunda,A,29.85,chipa,,
2020-08-10,demo-mayorista,demo-may-2020-08-10,Mercado Abasto,Tomate,Cochabamba,,Primera,A,4.35,kg,,
2020-08-10,demo-mayorista,demo-may-2020-08-10,Mercado Abasto,Yuca,Norte Integrado,,,N,46.85,bolsa,,
2020-08-24,demo-mayorista,demo-may-2020-08-24,Mercado Abasto,Piña,,,,N,9.16,unidad,,
2020-08-24,demo-mayorista,demo-may-2020-08-24,Mercado Abasto,Mandarina,Valles Cruceños,Criolla,Segunda,E,35.25,ciento,,
2020-08-24,demo-mayorista,demo-may-2020-08-24,Mercado Abasto,Naranja,,Valencia,Segunda,A,39.76,ciento,,
2020-08-24,demo-mayorista,demo-may-2020-08-24,Mercado Abasto,Frutilla,Comarapa,,Segunda,A,9.22,kg,,
2020-08-24,demo-mayorista,demo-may-2020-08-24,Mercado Abasto,Guineo,Santa Cruz,,Segunda,A,31.05,chipa,,
2020-08-24,demo-mayorista,demo-may-2020-08-24,Mercado Abasto,Tomate,,,,A,4.72,kg,,
2020-08-24,demo-mayorista,demo-may-2020-08-24,Mercado Abasto,Yuca,,,Primera,N,54.01,bolsa,,
2020-09-07,demo-mayorista,demo-may-2020-09-07,Mercado Abasto,Papaya,Norte Integrado,,Primera,N,5.30,kg,,
2020-09-07,demo-mayorista,demo-may-2020-09-07,Mercado Abasto,Piña,Santa Cruz,,Primera,N,7.66,unidad,,
2020-09-07,demo-mayorista,demo-may-2020-09-07,Mercado Abasto,Naranja,Norte Integrado,Criolla,,N,41.95,ciento,,
2020-09-07,demo-mayorista,demo-may-2020-09-07,Mercado Abasto,Frutilla,Valles Cruceños,,Segunda,A,9.99,kg,,
2020-09-07,demo-mayorista,demo-may-2020-09-07,Mercado Abasto,Guineo,Santa Cruz,,Primera,A,31.17,chipa,,
2020-09-07,demo-mayorista,demo-may-2020-09-07,Mercado Abasto,Tomate,,,Segunda,A,5.37,kg,,
2020-09-07,demo-mayorista,demo-may-2020-09-07,Mercado Abasto,Yuca,Norte Integrado,,Primera,N,58.48,bolsa,,
2020-09-21,demo-mayorista,demo-may-2020-09-21,Mercado Abasto,Papaya,,,Primera,N,4.80,kg,,
2020-09-21,demo-mayorista,demo-may-2020-09-21,Mercado Abasto,Piña,Santa Cruz,,Primera,N,7.76,unidad,,
2020-09-21,demo-mayorista,demo-may-2020-09-21,Mercado Abasto,Frutilla,,,,A,11.25,kg,,
2020-09-21,demo-mayorista,demo-may-2020-09-21,Mercado Abasto,Guineo,Norte Integrado,,Primera,N,32.55,chipa,,
2020-09-21,demo-mayorista,demo-may-2020-09-21,Mercado Abasto,Tomate,,,Primera,A,5.78,kg,,
2020-09-21,demo-mayorista,demo-may-2020-09-21,Mercado Abasto,Yuca,Santa Cruz,,Segunda,N,61.24,bolsa,,
2020-10-05,demo-mayorista,demo-may-2020-10-05,Mercado Abasto,Piña,,,Primera,A,7.18,unidad,,
2020-10-05,demo-mayorista,demo-may-2020-10-05,Mercado Abasto,Guineo,Norte Integrado,,Primera,A,33.41,chipa,,
2020-10-05,demo-mayorista,demo-may-2020-10-05,Mercado Abasto,Tomate,Valles Cruceños,,Primera,N,5.43,kg,,
2020-10-05,demo-mayorista,demo-may-2020-10-05,Mercado Abasto,Yuca,Norte Integrado,,Primera,N,61.18,bolsa,,
2020-10-19,demo-mayorista,demo-may-2020-10-19,Mercado Abasto,Papaya,Beni,,Primera,A,4.19,kg,,
2020-10-19,demo-mayorista,demo-may-2020-10-19,Mercado Abasto,Piña,Santa Cruz,,Primera,A,6.61,unidad,,
2020-10-19,demo-mayorista,demo-may-2020-10-19,Mercado Abasto,Mandarina,Valles Cruceños,Criolla,,E,38.59,ciento,,
2020-10-19,demo-mayorista,demo-may-2020-10-19,Mercado Abasto,Sandía,Santa Cruz,,,N,13.92,unidad,,
2020-10-19,demo-mayorista,demo-may-2020-10-19,Mercado Abasto,Durazno,Argentina,,Primera,E,12.44,kg,,
2020-10-19,demo-mayorista,demo-may-2020-10-19,Mercado Abasto,Fresa,Comarapa,,Segunda,N,12.88,kg,,
2020-10-19,demo-mayorista,demo-may-2020-10-19,Mercado Abasto,Tomate,Cochabamba,,Primera,N,6.26,kg,,
2020-10-19,demo-mayorista,demo-may-2020-10-19,Mercado Abasto,Yuca,Santa Cruz,,,N,54.17,bolsa,,
2020-11-02,demo-mayorista,demo-may-2020-11-02,Mercado Abasto,Papaya,Santa Cruz,,Primera,A,3.96,kg,,
2020-11-02,demo-mayorista,demo-may-2020-11-02,Mercado Abasto,Piña,Santa Cruz,,Primera,A,6.20,unidad,,
2020-11-02,demo-mayorista,demo-may-2020-11-02,Mercado Abasto,Naranja,Santa Cruz,Criolla,Primera,E,52.40,ciento,,
2020-11-02,demo-mayorista,demo-may-2020-11-02,Mercado Abasto,Durazno,,,Segunda,E,10.41,kg,,
2020-11-02,demo-mayorista,demo-may-2020-11-02,Mercado Abasto,Banano,Norte Integrado,,Primera,N,36.04,chipa,,
2020-11-02,demo-mayorista,demo-may-2020-11-02,Mercado Abasto,Tomate,Cochabamba,,Primera,N,6.82,kg,,
2020-11-16,demo-mayorista,demo-may-2020-11-16,Mercado Abasto,Papaya,Norte Integrado,,Segunda,A,4.16,kg,,
2020-11-16,demo-mayorista,demo-may-2020-11-16,Mercado Abasto,Piña,Norte Integrado,,Primera,A,5.44,unidad,,
2020-11-16,demo-mayorista,demo-may-2020-11-16,Mercado Abasto,Sandía,,,Primera,A,11.60,unidad,,
2020-11-16,demo-mayorista,demo-may-2020-11-16,Mercado Abasto,Guineo,Santa Cruz,,Primera,N,35.95,chipa,,
2020-11-16,demo-mayorista,demo-may-2020-11-16,Mercado Abasto,Tomate,Valles Cruceños,,Segunda,N,7.21,kg,,
2020-11-16,demo-mayorista,demo-may-2020-11-16,Mercado Abasto,Yuca,Santa Cruz,,Primera,N,53.05,bolsa,,
2020-11-30,demo-mayorista,demo-may-2020-11-30,Mercado Abasto,Papaya,Santa Cruz,,Primera,A,3.87,kg,,
2020-11-30,demo-mayorista,demo-may-2020-11-30,Mercado Abasto,Piña,,,Primera,A,5.58,unidad,,
2020-11-30,demo-mayorista,demo-may-2020-11-30,Mercado Abasto,Guineo,Norte Integrado,,,N,34.79,chipa,,
2020-11-30,demo-mayorista,demo-may-2020-11-30,Mercado Abasto,Tomate,Cochabamba,,Primera,E,6.78,kg,,
2020-11-30,demo-mayorista,demo-may-2020-11-30,Mercado Abasto,Yuca,,,Primera,N,51.28,bolsa,,
2020-12-14,demo-mayorista,demo-may-2020-12-14,Mercado Abasto,Achachairú,Santa Cruz,,Primera,A,42.45,ciento,,
2020-12-14,demo-mayorista,demo-may-2020-12-14,Mercado Abasto,Papaya,Norte Integrado,,,A,4.00,kg,,
2020-12-14,demo-mayorista,demo-may-2020-12-14,Mercado Abasto,Piña,Beni,,,A,5.84,unidad,,
2020-12-14,demo-mayorista,demo-may-2020-12-14,Mercado Abasto,Sandía,Valles Cruceños,,,A,11.00,unidad,,
2020-12-14,demo-mayorista,demo-may-2020-12-14,Mercado Abasto,Guineo,Santa Cruz,,Primera,A,33.67,chipa,,
2020-12-14,demo-mayorista,demo-may-2020-12-14,Mercado Abasto,Tomate,Santa Cruz,,Primera,N,7.02,kg,,
2020-12-14,demo-mayorista,demo-may-2020-12-14,Mercado Abasto,Yuca,Norte Integrado,,Primera,A,49.21,bolsa,,
2020-12-28,demo-mayorista,demo-may-2020-12-28,Mercado Abasto,Achachairú,Norte Integrado,,Primera,A,46.21,ciento,,
2020-12-28,demo-mayorista,demo-may-2020-12-28,Mercado Abasto,Papaya,Santa Cruz,,Primera,A,3.68,kg,,
2020-12-28,demo-mayorista,demo-may-2020-12-28,Mercado Abasto,Piña,Santa Cruz,,Primera,A,5.39,unidad,,
2020-12-28,demo-mayorista,demo-may-2020-12-28,Mercado Abasto,Naranja,Cochabamba,Valencia,,E,52.65,ciento,,
2020-12-28,demo-mayorista,demo-may-2020-12-28,Mercado Abasto,Sandía,Santa Cruz,,,A,11.06,unidad,,
2020-12-28,demo-mayorista,demo-may-2020-12-28,Mercado Abasto,Durazno,Valles Cruceños,,,A,6.95,kg,,
2020-12-28,demo-mayorista,demo-may-2020-12-28,Mercado Abasto,Guineo,Santa Cruz,,,N,31.39,chipa,,
2020-12-28,demo-mayorista,demo-may-2020-12-28,Mercado Abasto,Yuca,,,Primera,N,49.49,bolsa,,
2021-01-25,demo-mayorista,demo-may-2021-01-25,Mercado Abasto,Achachairú,Santa Cruz,,Primera,A,46.58,ciento,,
2021-01-25,demo-mayorista,demo-may-2021-01-25,Mercado Abasto,Papaya,Norte Integrado,,Primera,A,3.28,kg,,
2021-01-25,demo-mayorista,demo-may-2021-01-25,Mercado Abasto,Piña,,,Primera,A,6.20,unidad,,
2021-01-25,demo-mayorista,demo-may-2021-01-25,Mercado Abasto,Sandía,Santa Cruz,,,A,12.78,unidad,,
2021-01-25,demo-mayorista,demo-may-2021-01-25,Mercado Abasto,Durazno,Mairana,,Primera,A,7.12,kg,,
2021-01-25,demo-mayorista,demo-may-2021-01-25,Mercado Abasto,Guineo,Santa Cruz,,Primera,A,28.25,chipa,,
2021-01-25,demo-mayorista,demo-may-2021-01-25,Mercado Abasto,Tomate,Valles Cruceños,,,N,7.67,kg,,
2021-01-25,demo-mayorista,demo-may-2021-01-25,Mercado Abasto,Yuca,Santa Cruz,,Primera,A,43.02,bolsa,,
2021-02-08,demo-mayorista,demo-may-2021-02-08,Mercado Abasto,Achachairú,Norte Integrado,,Primera,N,53.56,ciento,,
2021-02-08,demo-mayorista,demo-may-2021-02-08,Mercado Abasto,Papaya,Norte Integrado,,Primera,A,3.52,kg,,
2021-02-08,demo-mayorista,demo-may-2021-02-08,Mercado Abasto,Piña,Norte Integrado,,,A,6.00,unidad,,
2021-02-08,demo-mayorista,demo-may-2021-02-08,Mercado Abasto,Tomate,Cochabamba,,,N,6.96,kg,,
2021-02-08,demo-mayorista,demo-may-2021-02-08,Mercado Abasto,Yuca,Norte Integrado,,,A,42.64,bolsa,,
2021-02-22,demo-mayorista,demo-may-2021-02-22,Mercado Abasto,Papaya,Beni,,Primera,A,3.48,kg,,
2021-02-22,demo-mayorista,demo-may-2021-02-22,Mercado Abasto,Piña,,,Primera,A,6.61,unidad,,
2021-02-22,demo-mayorista,demo-may-2021-02-22,Mercado Abasto,Durazno,Valles Cruceños,,Primera,A,8.49,kg,,
2021-02-22,demo-mayorista,demo-may-2021-02-22,Mercado Abasto,Guineo,Cochabamba,,Segunda,A,28.45,chipa,,
2021-02-22,demo-mayorista,demo-may-2021-02-22,Mercado Abasto,Tomate,Santa Cruz,,Segunda,N,7.35,kg,,
2021-02-22,demo-mayorista,demo-may-2021-02-22,Mercado Abasto,Yuca,,,Primera,A,37.34,bolsa,,
2021-03-22,demo-mayorista,demo-may-2021-03-22,Mercado Abasto,Papaya,Santa Cruz,,,A,3.12,kg,,
2021-03-22,demo-mayorista,demo-may-2021-03-22,Mercado Abasto,Piña,,,,N,8.19,unidad,,
2021-03-22,demo-mayorista,demo-may-2021-03-22,Mercado Abasto,Mandarina,,Criolla,Primera,N,29.94,ciento,,
2021-03-22,demo-mayorista,demo-may-2021-03-22,Mercado Abasto,Naranja,Norte Integrado,,,N,45.71,ciento,,
2021-03-22,demo-mayorista,demo-may-2021-03-22,Mercado Abasto,Sandía,Santa Cruz,,Primera,E,16.96,unidad,,
2021-03-22,demo-mayorista,demo-may-2021-03-22,Mercado Abasto,Guineo,Santa Cruz,,Primera,A,24.28,chipa,,
2021-03-22,demo-mayorista,demo-may-2021-03-22,Mercado Abasto,Tomate,,,,N,6.40,kg,,
2021-03-22,demo-mayorista,demo-may-2021-03-22,Mercado Abasto,Yuca,Norte Integrado,,Segunda,A,38.16,bolsa,,
2021-04-05,demo-mayorista,demo-may-2021-04-05,Mercado Abasto,Papaya,Santa Cruz,,Primera,A,3.49,kg,,
2021-04-05,demo-mayorista,demo-may-2021-04-05,Mercado Abasto,Piña,Norte Integrado,,Primera,N,8.54,unidad,,
2021-04-05,demo-mayorista,demo-may-2021-04-05,Mercado Abasto,Mandarina,Cochabamba,Ponkan,Primera,N,25.63,ciento,,
2021-04-05,demo-mayorista,demo-may-2021-04-05,Mercado Abasto,Naranja,,Criolla,,N,44.93,ciento,,
2021-04-05,demo-mayorista,demo-may-2021-04-05,Mercado Abasto,Banano,Norte Integrado,,Primera,A,24.00,chipa,,
2021-04-05,demo-mayorista,demo-may-2021-04-05,Mercado Abasto,Tomate,Cochabamba,,,A,6.04,kg,,
2021-04-05,demo-mayorista,demo-may-2021-04-05,Mercado Abasto,Yuca,,,Primera,A,36.20,bolsa,,
2021-04-19,demo-mayorista,demo-may-2021-04-19,Mercado Abasto,Papaya,,,Primera,A,3.62,kg,,
2021-04-19,demo-mayorista,demo-may-2021-04-19,Mercado Abasto,Piña,Santa Cruz,,,E,8.71,unidad,,
2021-04-19,demo-mayorista,demo-may-2021-04-19,Mercado Abasto,Mandarina,Cochabamba,Criolla,Primera,A,23.08,ciento,,
2021-04-19,demo-mayorista,demo-may-2021-04-19,Mercado Abasto,Naranja,,,Segunda,N,36.55,ciento,,
2021-04-19,demo-mayorista,demo-may-2021-04-19,Mercado Abasto,Banano,Santa Cruz,,Primera,A,22.51,chipa,,
2021-04-19,demo-mayorista,demo-may-2021-04-19,Mercado Abasto,Tomate,Cochabamba,,Primera,N,5.92,kg,,
2021-05-03,demo-mayorista,demo-may-2021-05-03,Mercado Abasto,Papaya,Beni,,Primera,A,3.51,kg,,
2021-05-03,demo-mayorista,demo-may-2021-05-03,Mercado Abasto,Piña,Norte Integrado,,Segunda,N,8.38,unidad,,
2021-05-03,demo-mayorista,demo-may-2021-05-03,Mercado Abasto,Mandarina,Valles Cruceños,,Segunda,A,22.19,ciento,,
2021-05-03,demo-mayorista,demo-may-2021-05-03,Mercado Abasto,Naranja,,,Primera,A,39.03,ciento,,
2021-05-03,demo-mayorista,demo-may-2021-05-03,Mercado Abasto,Banano,,,Primera,A,22.68,chipa,,
2021-05-03,demo-mayorista,demo-may-2021-05-03,Mercado Abasto,Tomate,Cochabamba,,Primera,A,5.42,kg,,
2021-05-03,demo-mayorista,demo-may-2021-05-03,Mercado Abasto,Yuca,,,Primera,A,35.78,bolsa,,
2021-05-17,demo-mayorista,demo-may-2021-05-17,Mercado Abasto,Papaya,,,Primera,A,3.90,kg,,
2021-05-17,demo-mayorista,demo-may-2021-05-17,Mercado Abasto,Piña,,,Primera,N,9.45,unidad,,
2021-05-17,demo-mayorista,demo-may-2021-05-17,Mercado Abasto,Mandarina,Cochabamba,,Primera,A,24.09,ciento,,
2021-05-17,demo-mayorista,demo-may-2021-05-17,Mercado Abasto,Naranja,Cochabamba,Valencia,,A,35.51,ciento,,
2021-05-17,demo-mayorista,demo-may-2021-05-17,Mercado Abasto,Guineo,Cochabamba,,Primera,A,22.87,chipa,,
2021-05-17,demo-mayorista,demo-may-2021-05-17,Mercado Abasto,Tomate,Cochabamba,,Primera,A,4.73,kg,,
2021-05-17,demo-mayorista,demo-may-2021-05-17,Mercado Abasto,Yuca,Santa Cruz,,Primera,A,34.55,bolsa,,
2021-05-31,demo-mayorista,demo-may-2021-05-31,Mercado Abasto,Papaya,Norte Integrado,,Primera,A,3.69,kg,,
2021-05-31,demo-mayorista,demo-may-2021-05-31,Mercado Abasto,Piña,Santa Cruz,,Primera,E,8.95,unidad,,
2021-05-31,demo-mayorista,demo-may-2021-05-31,Mercado Abasto,Mandarina,Santa Cruz,Criolla,Primera,A,20.86,ciento,,
2021-05-31,demo-mayorista,demo-may-2021-05-31,Mercado Abasto,Naranja,,Criolla,Primera,A,35.51,ciento,,
2021-05-31,demo-mayorista,demo-may-2021-05-31,Mercado Abasto,Durazno,Argentina,,Primera,E,11.20,kg,,
2021-05-31,demo-mayorista,demo-may-2021-05-31,Mercado Abasto,Banano,Norte Integrado,,Segunda,A,22.87,chipa,,
2021-05-31,demo-mayorista,demo-may-2021-05-31,Mercado Abasto,Tomate,Santa Cruz,,Primera,A,4.87,kg,,
2021-05-31,demo-mayorista,demo-may-2021-05-31,Mercado Abasto,Yuca,Norte Integrado,,Primera,A,35.73,bolsa,,
2021-06-14,demo-mayorista,demo-may-2021-06-14,Mercado Abasto,Papaya,Norte Integrado,,Primera,A,4.25,kg,,
2021-06-14,demo-mayorista,demo-may-2021-06-14,Mercado Abasto,Piña,Santa Cruz,,Primera,E,9.46,unidad,,
2021-06-14,demo-mayorista,demo-may-2021-06-14,Mercado Abasto,Mandarina,Cbba.,Criolla,Primera,A,23.74,ciento,,
2021-06-14,demo-mayorista,demo-may-2021-06-14,Mercado Abasto,Naranja,Santa Cruz,,,A,31.33,ciento,,
2021-06-14,demo-mayorista,demo-may-2021-06-14,Mercado Abasto,Guineo,Cochabamba,,Segunda,A,23.13,chipa,,
2021-06-14,demo-mayorista,demo-may-2021-06-14,Mercado Abasto,Tomate,Valles Cruceños,,Primera,A,4.29,kg,,
2021-06-14,demo-mayorista,demo-may-2021-06-14,Mercado Abasto,Yuca,Santa Cruz,,Primera,A,38.99,bolsa,,
2021-06-28,demo-mayorista,demo-may-2021-06-28,Mercado Abasto,Papaya,,,,A,4.09,kg,,
2021-06-28,demo-mayorista,demo-may-2021-06-28,Mercado Abasto,Piña,,,Primera,E,8.54,unidad,,
2021-06-28,demo-mayorista,demo-may-2021-06-28,Mercado Abasto,Mandarina,Valles Cruceños,,Segunda,A,22.10,ciento,,
2021-06-28,demo-mayorista,demo-may-2021-06-28,Mercado Abasto,Naranja,Santa Cruz,Valencia,,A,31.81,ciento,,
2021-06-28,demo-mayorista,demo-may-2021-06-28,Mercado Abasto,Frutilla,,,,N,11.79,kg,,
2021-06-28,demo-mayorista,demo-may-2021-06-28,Mercado Abasto,Guineo,Norte Integrado,,Segunda,A,26.64,chipa,,
2021-06-28,demo-mayorista,demo-may-2021-06-28,Mercado Abasto,Tomate,,,Primera,A,4.13,kg,,
2021-06-28,demo-mayorista,demo-may-2021-06-28,Mercado Abasto,Yuca,Santa Cruz,,,A,41.62,bolsa,,
2021-07-12,demo-mayorista,demo-may-2021-07-12,Mercado Abasto,Papaya,Norte Integrado,,Primera,A,4.45,kg,,
2021-07-12,demo-mayorista,demo-may-2021-07-12,Mercado Abasto,Naranja,,Criolla,Primera,A,34.40,ciento,,
2021-07-12,demo-mayorista,demo-may-2021-07-12,Mercado Abasto,Guineo,Norte Integrado,,Segunda,A,26.84,chipa,,
2021-07-12,demo-mayorista,demo-may-2021-07-12,Mercado Abasto,Tomate,Cochabamba,,Segunda,A,4.75,kg,,
2021-07-12,demo-mayorista,demo-may-2021-07-12,Mercado Abasto,Yuca,,,Primera,A,44.11,bolsa,,
2021-07-26,demo-mayorista,demo-may-2021-07-26,Mercado Abasto,Papaya,Santa Cruz,,Primera,N,4.58,kg,,
2021-07-26,demo-mayorista,demo-may-2021-07-26,Mercado Abasto,Piña,Santa Cruz,,Segunda,N,8.48,unidad,,
2021-07-26,demo-mayorista,demo-may-2021-07-26,Mercado Abasto,Naranja,,Criolla,Primera,A,31.95,ciento,,
2021-07-26,demo-mayorista,demo-may-2021-07-26,Mercado Abasto,Frutilla,,,Primera,A,10.86,kg,,
2021-07-26,demo-mayorista,demo-may-2021-07-26,Mercado Abasto,Guineo,Norte Integrado,,Primera,A,25.39,chipa,,
2021-07-26,demo-mayorista,demo-may-2021-07-26,Mercado Abasto,Tomate,,,,A,4.28,kg,,
2021-07-26,demo-mayorista,demo-may-2021-07-26,Mercado Abasto,Yuca,Santa Cruz,,Primera,A,42.20,bolsa,,
2021-08-09,demo-mayorista,demo-may-2021-08-09,Mercado Abasto,Papaya,Beni,,Primera,N,4.59,kg,,
2021-08-09,demo-mayorista,demo-may-2021-08-09,Mercado Abasto,Piña,,,,E,8.43,unidad,,
2021-08-09,demo-mayorista,demo-may-2021-08-09,Mercado Abasto,Naranja,Santa Cruz,,Segunda,A,35.60,ciento,,
2021-08-09,demo-mayorista,demo-may-2021-08-09,Mercado Abasto,Durazno,Argentina,,Primera,E,11.45,kg,,
2021-08-09,demo-mayorista,demo-may-2021-08-09,Mercado Abasto,Guineo,,,,A,26.25,chipa,,
2021-08-09,demo-mayorista,demo-may-2021-08-09,Mercado Abasto,Tomate,Santa Cruz,,Primera,A,4.62,kg,,
2021-08-09,demo-mayorista,demo-may-2021-08-09,Mercado Abasto,Yuca,Santa Cruz,,Segunda,N,50.16,bolsa,,
2021-08-23,demo-mayorista,demo-may-2021-08-23,Mercado Abasto,Papaya,Santa Cruz,,Segunda,N,5.28,kg,,
2021-08-23,demo-mayorista,demo-may-2021-08-23,Mercado Abasto,Naranja,Cochabamba,,Primera,A,35.35,ciento,,
2021-08-23,demo-mayorista,demo-may-2021-08-23,Mercado Abasto,Frutilla,Comarapa,,Primera,A,10.23,kg,,
2021-08-23,demo-mayorista,demo-may-2021-08-23,Mercado Abasto,Banano,,,Primera,A,26.38,chipa,,
2021-08-23,demo-mayorista,demo-may-2021-08-23,Mercado Abasto,Tomate,Cochabamba,,,A,4.56,kg,,
2021-09-06,demo-mayorista,demo-may-2021-09-06,Mercado Abasto,Piña,Norte Integrado,,Primera,N,8.75,unidad,,
2021-09-06,demo-mayorista,demo-may-2021-09-06,Mercado Abasto,Naranja,Cochabamba,,Primera,A,39.81,ciento,,
2021-09-06,demo-mayorista,demo-may-2021-09-06,Mercado Abasto,Fresa,Comarapa,,Segunda,A,9.46,kg,,
2021-09-06,demo-mayorista,demo-may-2021-09-06,Mercado Abasto,Tomate,,,,A,5.33,kg,,
2021-09-06,demo-mayorista,demo-may-2021-09-06,Mercado Abasto,Yuca,Santa Cruz,,Primera,N,57.96,bolsa,,
2021-09-20,demo-mayorista,demo-may-2021-09-20,Mercado Abasto,Papaya,Santa Cruz,,Primera,N,4.82,kg,,
2021-09-20,demo-mayorista,demo-may-2021-09-20,Mercado Abasto,Piña,Norte Integrado,,Primera,N,7.54,unidad,,
2021-09-20,demo-mayorista,demo-may-2021-09-20,Mercado Abasto,Naranja,Norte Integrado,,,N,44.48,ciento,,
2021-09-20,demo-mayorista,demo-may-2021-09-20,Mercado Abasto,Frutilla,,,Segunda,A,9.87,kg,,
2021-09-20,demo-mayorista,demo-may-2021-09-20,Mercado Abasto,Guineo,Norte Integrado,,,A,33.63,chipa,,
2021-09-20,demo-mayorista,demo-may-2021-09-20,Mercado Abasto,Tomate,Valles Cruceños,,Primera,A,5.46,kg,,
2021-09-20,demo-mayorista,demo-may-2021-09-20,Mercado Abasto,Yuca,,,Segunda,N,58.31,bolsa,,
2021-10-04,demo-mayorista,demo-may-2021-10-04,Mercado Abasto,Papaya,Norte Integrado,,Primera,N,5.09,kg,,
2021-10-04,demo-mayorista,demo-may-2021-10-04,Mercado Abasto,Piña,,,Segunda,N,7.26,unidad,,
2021-10-04,demo-mayorista,demo-may-2021-10-04,Mercado Abasto,Sandía,Santa Cruz,,,E,17.77,unidad,,
2021-10-04,demo-mayorista,demo-may-2021-10-04,Mercado Abasto,Frutilla,Valles Cruceños,,,N,12.10,kg,,
2021-10-04,demo-mayorista,demo-may-2021-10-04,Mercado Abasto,Banano,,,Primera,A,31.43,chipa,,
2021-10-04,demo-mayorista,demo-may-2021-10-04,Mercado Abasto,Tomate,,,Primera,A,5.53,kg,,
2021-10-04,demo-mayorista,demo-may-2021-10-04,Mercado Abasto,Yuca,Norte Integrado,,Primera,N,57.59,bolsa,,
2021-11-15,demo-mayorista,demo-may-2021-11-15,Mercado Abasto,Papaya,Santa Cruz,,Primera,A,4.30,kg,,
2021-11-15,demo-mayorista,demo-may-2021-11-15,Mercado Abasto,Piña,Santa Cruz,,Segunda,A,5.72,unidad,,
2021-11-15,demo-mayorista,demo-may-2021-11-15,Mercado Abasto,Naranja,Cochabamba,,,E,55.39,ciento,,
2021-11-15,demo-mayorista,demo-may-2021-11-15,Mercado Abasto,Sandía,Santa Cruz,,Primera,A,11.26,unidad,,
2021-11-15,demo-mayorista,demo-may-2021-11-15,Mercado Abasto,Durazno,,,Primera,N,9.45,kg,,
2021-11-15,demo-mayorista,demo-may-2021-11-15,Mercado Abasto,Tomate,Santa Cruz,,Segunda,N,7.57,kg,,
2021-11-29,demo-mayorista,demo-may-2021-11-29,Mercado Abasto,Achachairú,Santa Cruz,,,N,54.10,ciento,,
2021-11-29,demo-mayorista,demo-may-2021-11-29,Mercado Abasto,Papaya,Norte Integrado,,Primera,A,3.71,kg,,
2021-11-29,demo-mayorista,demo-may-2021-11-29,Mercado Abasto,Piña,Norte Integrado,,,A,6.05,unidad,,
2021-11-29,demo-mayorista,demo-may-2021-11-29,Mercado Abasto,Sandía,Santa Cruz,,Primera,A,11.41,unidad,,
2021-11-29,demo-mayorista,demo-may-2021-11-29,Mercado Abasto,Guineo,Cochabamba,,,N,35.34,chipa,,
2021-11-29,demo-mayorista,demo-may-2021-11-29,Mercado Abasto,Yuca,Santa Cruz,,Segunda,N,53.55,bolsa,,
2021-12-27,demo-mayorista,demo-may-2021-12-27,Mercado Abasto,Achachairú,,,Primera,A,42.94,ciento,,
2021-12-27,demo-mayorista,demo-may-2021-12-27,Mercado Abasto,Papaya,Beni,,Segunda,A,3.96,kg,,
2021-12-27,demo-mayorista,demo-may-2021-12-27,Mercado Abasto,Piña,,,Primera,A,5.84,unidad,,
2021-12-27,demo-mayorista,demo-may-2021-12-27,Mercado Abasto,Sandía,Santa Cruz,,,A,12.12,unidad,,
2021-12-27,demo-mayorista,demo-may-2021-12-27,Mercado Abasto,Durazno,,,,A,7.68,kg,,
2021-12-27,demo-mayorista,demo-may-2021-12-27,Mercado Abasto,Guineo,,,,N,33.54,chipa,,
2021-12-27,demo-mayorista,demo-may-2021-12-27,Mercado Abasto,Yuca,Norte Integrado,,,A,50.39,bolsa,,
2022-01-10,demo-mayorista,demo-may-2022-01-10,Mercado Abasto,Achachairú,Santa Cruz,,,A,43.34,ciento,,
2022-01-10,demo-mayorista,demo-may-2022-01-10,Mercado Abasto,Papaya,,,Primera,A,3.79,kg,,
2022-01-10,demo-mayorista,demo-may-2022-01-10,Mercado Abasto,Piña,Norte Integrado,,,A,5.80,unidad,,
2022-01-10,demo-mayorista,demo-may-2022-01-10,Mercado Abasto,Naranja,Norte Integrado,Criolla,Primera,E,50.98,ciento,,
2022-01-10,demo-mayorista,demo-may-2022-01-10,Mercado Abasto,Durazno,Valles Cruceños,,Primera,A,6.81,kg,,
2022-01-10,demo-mayorista,demo-may-2022-01-10,Mercado Abasto,Guineo,Norte Integrado,,Primera,N,30.83,chipa,,
2022-01-10,demo-mayorista,demo-may-2022-01-10,Mercado Abasto,Tomate,Cochabamba,,,N,7.40,kg,,
2022-01-10,demo-mayorista,demo-may-2022-01-10,Mercado Abasto,Yuca,,,Primera,N,47.12,bolsa,,
2022-01-24,demo-mayorista,demo-may-2022-01-24,Mercado Abasto,Achachairú,Santa Cruz,,,A,45.95,ciento,,
2022-01-24,demo-mayorista,demo-may-2022-01-24,Mercado Abasto,Papaya,Beni,,,A,3.56,kg,,
2022-01-24,demo-mayorista,demo-may-2022-01-24,Mercado Abasto,Piña,Santa Cruz,,Primera,A,6.42,unidad,,
2022-01-24,demo-mayorista,demo-may-2022-01-24,Mercado Abasto,Sandía,,,Segunda,A,13.17,unidad,,
2022-01-24,demo-mayorista,demo-may-2022-01-24,Mercado Abasto,Durazno,Comarapa,,,A,7.43,kg,,
2022-01-24,demo-mayorista,demo-may-2022-01-24,Mercado Abasto,Guineo,Norte Integrado,,,A,31.34,chipa,,
2022-01-24,demo-mayorista,demo-may-2022-01-24,Mercado Abasto,Tomate,Cochabamba,,,N,7.62,kg,,
2022-01-24,demo-mayorista,demo-may-2022-01-24,Mercado Abasto,Yuca,Santa Cruz,,,N,40.61,bolsa,,
2022-02-07,demo-mayorista,demo-may-2022-02-07,Mercado Abasto,Achachairú,Santa Cruz,,Primera,N,57.58,ciento,,
2022-02-07,demo-mayorista,demo-may-2022-02-07,Mercado Abasto,Papaya,Norte Integrado,,Primera,A,3.63,kg,,
2022-02-07,demo-mayorista,demo-may-2022-02-07,Mercado Abasto,Piña,Norte Integrado,,Segunda,A,6.06,unidad,,
2022-02-07,demo-mayorista,demo-may-2022-02-07,Mercado Abasto,Mandarina,Santa Cruz,Ponkan,,E,36.33,ciento,,
2022-02-07,demo-mayorista,demo-may-2022-02-07,Mercado Abasto,Naranja,Santa Cruz,,,E,50.32,ciento,,
2022-02-07,demo-mayorista,demo-may-2022-02-07,Mercado Abasto,Sandía,,,,N,13.88,unidad,,
2022-02-07,demo-mayorista,demo-may-2022-02-07,Mercado Abasto,Durazno,Comarapa,,,A,8.29,kg,,
2022-02-07,demo-mayorista,demo-may-2022-02-07,Mercado Abasto,Guineo,Norte Integrado,,Primera,A,30.19,chipa,,
2022-02-07,demo-mayorista,demo-may-2022-02-07,Mercado Abasto,Yuca,Santa Cruz,,Primera,A,42.00,bolsa,,
2022-02-21,demo-mayorista,demo-may-2022-02-21,Mercado Abasto,Papaya,Santa Cruz,,Primera,A,3.12,kg,,
2022-02-21,demo-mayorista,demo-may-2022-02-21,Mercado Abasto,Piña,Santa Cruz,,,N,6.87,unidad,,
2022-02-21,demo-mayorista,demo-may-2022-02-21,Mercado Abasto,Guineo,Cochabamba,,Segunda,A,27.70,chipa,,
2022-02-21,demo-mayorista,demo-may-2022-02-21,Mercado Abasto,Tomate,Santa Cruz,,Primera,N,6.73,kg,,
2022-02-21,demo-mayorista,demo-may-2022-02-21,Mercado Abasto,Yuca,Santa Cruz,,Primera,A,40.74,bolsa,,
2022-03-21,demo-mayorista,demo-may-2022-03-21,Mercado Abasto,Papaya,Santa Cruz,,,A,3.43,kg,,
2022-03-21,demo-mayorista,demo-may-2022-03-21,Mercado Abasto,Mandarina,Cbba.,Criolla,Primera,N,31.70,ciento,,
2022-03-21,demo-mayorista,demo-may-2022-03-21,Mercado Abasto,Naranja,Norte Integrado,Valencia,Primera,N,42.23,ciento,,
2022-03-21,demo-mayorista,demo-may-2022-03-21,Mercado Abasto,Banano,Cochabamba,,Segunda,A,27.15,chipa,,
2022-03-21,demo-mayorista,demo-may-2022-03-21,Mercado Abasto,Tomate,,,Primera,N,7.09,kg,,
2022-03-21,demo-mayorista,demo-may-2022-03-21,Mercado Abasto,Yuca,,,Primera,A,37.19,bolsa,,
2022-04-04,demo-mayorista,demo-may-2022-04-04,Mercado Abasto,Papaya,Norte Integrado,,Primera,A,3.28,kg,,
2022-04-04,demo-mayorista,demo-may-2022-04-04,Mercado Abasto,Mandarina,Santa Cruz,,Segunda,N,25.45,ciento,,
2022-04-04,demo-mayorista,demo-may-2022-04-04,Mercado Abasto,Naranja,Cochabamba,,,N,40.67,ciento,,
2022-04-04,demo-mayorista,demo-may-2022-04-04,Mercado Abasto,Guineo,Norte Integrado,,Primera,A,23.63,chipa,,
2022-04-04,demo-mayorista,demo-may-2022-04-04,Mercado Abasto,Tomate,,,,N,6.21,kg,,
2022-04-04,demo-mayorista,demo-may-2022-04-04,Mercado Abasto,Yuca,Santa Cruz,,Segunda,A,38.46,bolsa,,
2022-04-18,demo-mayorista,demo-may-2022-04-18,Mercado Abasto,Papaya,,,,A,3.75,kg,,
2022-04-18,demo-mayorista,demo-may-2022-04-18,Mercado Abasto,Mandarina,Santa Cruz,Ponkan,,A,25.26,ciento,,
2022-04-18,demo-mayorista,demo-may-2022-04-18,Mercado Abasto,Naranja,,Criolla,,N,38.09,ciento,,
2022-04-18,demo-mayorista,demo-may-2022-04-18,Mercado Abasto,Guineo,Norte Integrado,,Primera,A,23.49,chipa,,
2022-04-18,demo-mayorista,demo-may-2022-04-18,Mercado Abasto,Yuca,Norte Integrado,,,A,34.18,bolsa,,
2022-05-02,demo-mayorista,demo-may-2022-05-02,Mercado Abasto,Papaya,Santa Cruz,,,A,3.44,kg,,
2022-05-02,demo-mayorista,demo-may-2022-05-02,Mercado Abasto,Mandarina,Cbba.,Ponkan,Segunda,A,24.36,ciento,,
2022-05-02,demo-mayorista,demo-may-2022-05-02,Mercado Abasto,Naranja,Norte Integrado,,Primera,A,35.04,ciento,,
2022-05-02,demo-mayorista,demo-may-2022-05-02,Mercado Abasto,Guineo,Santa Cruz,,,A,23.47,chipa,,
2022-05-02,demo-mayorista,demo-may-2022-05-02,Mercado Abasto,Yuca,Norte Integrado,,Primera,A,39.00,bolsa,,
2022-05-16,demo-mayorista,demo-may-2022-05-16,Mercado Abasto,Papaya,Beni,,Primera,A,3.91,kg,,
2022-05-16,demo-mayorista,demo-may-2022-05-16,Mercado Abasto,Piña,,,Primera,E,8.98,unidad,,
2022-05-16,demo-mayorista,demo-may-2022-05-16,Mercado Abasto,Mandarina,,,Primera,A,21.00,ciento,,
2022-05-16,demo-mayorista,demo-may-2022-05-16,Mercado Abasto,Naranja,Santa Cruz,Valencia,Primera,A,34.93,ciento,,
2022-05-16,demo-mayorista,demo-may-2022-05-16,Mercado Abasto,Guineo,,,,A,22.15,chipa,,
2022-05-16,demo-mayorista,demo-may-2022-05-16,Mercado Abasto,Tomate,,,Segunda,A,5.15,kg,,
2022-05-16,demo-mayorista,demo-may-2022-05-16,Mercado Abasto,Yuca,Santa Cruz,,Segunda,A,36.12,bolsa,,
2022-05-30,demo-mayorista,demo-may-2022-05-30,Mercado Abasto,Papaya,,,,A,3.87,kg,,
2022-05-30,demo-mayorista,demo-may-2022-05-30,Mercado Abasto,Mandarina,,Criolla,Primera,A,21.66,ciento,,
2022-05-30,demo-mayorista,demo-may-2022-05-30,Mercado Abasto,Guineo,Santa Cruz,,Primera,A,24.20,chipa,,
2022-05-30,demo-mayorista,demo-may-2022-05-30,Mercado Abasto,Tomate,Santa Cruz,,Primera,A,5.04,kg,,
2022-05-30,demo-mayorista,demo-may-2022-05-30,Mercado Abasto,Yuca,Norte Integrado,,Primera,A,37.11,bolsa,,
2022-06-13,demo-mayorista,demo-may-2022-06-13,Mercado Abasto,Papaya,Santa Cruz,,Segunda,A,4.11,kg,,
2022-06-13,demo-mayorista,demo-may-2022-06-13,Mercado Abasto,Piña,Santa Cruz,,Primera,N,8.80,unidad,,
2022-06-13,demo-mayorista,demo-may-2022-06-13,Mercado Abasto,Mandarina,Cochabamba,Criolla,Primera,A,22.49,ciento,,
2022-06-13,demo-mayorista,demo-may-2022-06-13,Mercado Abasto,Naranja,,,,A,31.21,ciento,,
2022-06-13,demo-mayorista,demo-may-2022-06-13,Mercado Abasto,Banano,,,Primera,A,26.29,chipa,,
2022-06-13,demo-mayorista,demo-may-2022-06-13,Mercado Abasto,Tomate,Valles Cruceños,,Primera,A,4.38,kg,,
2022-06-13,demo-mayorista,demo-may-2022-06-13,Mercado Abasto,Yuca,Norte Integrado,,Primera,A,38.37,bolsa,,
2022-06-27,demo-mayorista,demo-may-2022-06-27,Mercado Abasto,Papaya,Norte Integrado,,Primera,A,4.10,kg,,
2022-06-27,demo-mayorista,demo-may-2022-06-27,Mercado Abasto,Piña,Santa Cruz,,Primera,N,9.08,unidad,,
2022-06-27,demo-mayorista,demo-may-2022-06-27,Mercado Abasto,Mandarina,,Criolla,Primera,A,25.24,ciento,,
2022-06-27,demo-mayorista,demo-may-2022-06-27,Mercado Abasto,Naranja,Norte Integrado,,,A,32.19,ciento,,
2022-06-27,demo-mayorista,demo-may-2022-06-27,Mercado Abasto,Guineo,Cochabamba,,Primera,A,25.35,chipa,,
2022-06-27,demo-mayorista,demo-may-2022-06-27,Mercado Abasto,Tomate,Valles Cruceños,,Primera,A,4.29,kg,,
2022-06-27,demo-mayorista,demo-may-2022-06-27,Mercado Abasto,Yuca,Santa Cruz,,,A,40.27,bolsa,,
2022-07-11,demo-mayorista,demo-may-2022-07-11,Mercado Abasto,Papaya,Norte Integrado,,,N,4.69,kg,,
2022-07-11,demo-mayorista,demo-may-2022-07-11,Mercado Abasto,Piña,Santa Cruz,,Primera,E,9.65,unidad,,
2022-07-11,demo-mayorista,demo-may-2022-07-11,Mercado Abasto,Mandarina,Valles Cruceños,,,A,24.43,ciento,,
2022-07-11,demo-mayorista,demo-may-2022-07-11,Mercado Abasto,Naranja,Cochabamba,Criolla,Primera,A,33.85,ciento,,
2022-07-11,demo-mayorista,demo-may-2022-07-11,Mercado Abasto,Durazno,Argentina,,Segunda,E,12.45,kg,,
2022-07-11,demo-mayorista,demo-may-2022-07-11,Mercado Abasto,Frutilla,Valles Cruceños,,,N,11.99,kg,,
2022-07-11,demo-mayorista,demo-may-2022-07-11,Mercado Abasto,Banano,Santa Cruz,,Primera,A,25.82,chipa,,
2022-07-11,demo-mayorista,demo-may-2022-07-11,Mercado Abasto,Tomate,Santa Cruz,,Primera,A,4.05,kg,,
2022-07-11,demo-mayorista,demo-may-2022-07-11,Mercado Abasto,Yuca,Santa Cruz,,Primera,A,43.11,bolsa,,
2022-07-25,demo-mayorista,demo-may-2022-07-25,Mercado Abasto,Papaya,Norte Integrado,,,N,4.47,kg,,
2022-07-25,demo-mayorista,demo-may-2022-07-25,Mercado Abasto,Piña,Norte Integrado,,Primera,E,8.39,unidad,,
2022-07-25,demo-mayorista,demo-may-2022-07-25,Mercado Abasto,Mandarina,Cochabamba,Criolla,,A,25.62,ciento,,
2022-07-25,demo-mayorista,demo-may-2022-07-25,Mercado Abasto,Naranja,Cochabamba,Valencia,Primera,A,35.67,ciento,,
2022-07-25,demo-mayorista,demo-may-2022-07-25,Mercado Abasto,Durazno,,,Primera,E,11.71,kg,,
2022-07-25,demo-mayorista,demo-may-2022-07-25,Mercado Abasto,Frutilla,Comarapa,,,A,10.42,kg,,
2022-07-25,demo-mayorista,demo-may-2022-07-25,Mercado Abasto,Guineo,Norte Integrado,,,A,25.32,chipa,,
2022-07-25,demo-mayorista,demo-may-2022-07-25,Mercado Abasto,Tomate,Santa Cruz,,Segunda,A,4.24,kg,,
2022-07-25,demo-mayorista,demo-may-2022-07-25,Mercado Abasto,Yuca,Norte Integrado,,Primera,A,46.35,bolsa,,
2022-08-08,demo-mayorista,demo-may-2022-08-08,Mercado Abasto,Piña,Beni,,Primera,E,9.51,unidad,,
2022-08-08,demo-mayorista,demo-may-2022-08-08,Mercado Abasto,Naranja,Santa Cruz,Criolla,,A,32.52,ciento,,
2022-08-08,demo-mayorista,demo-may-2022-08-08,Mercado Abasto,Frutilla,Cochabamba,,,A,10.22,kg,,
2022-08-08,demo-mayorista,demo-may-2022-08-08,Mercado Abasto,Guineo,,,Segunda,A,25.76,chipa,,
2022-08-08,demo-mayorista,demo-may-2022-08-08,Mercado Abasto,Tomate,,,Primera,A,4.53,kg,,
2022-08-08,demo-mayorista,demo-may-2022-08-08,Mercado Abasto,Yuca,Norte Integrado,,Primera,A,46.42,bolsa,,
2022-08-22,demo-mayorista,demo-may-2022-08-22,Mercado Abasto,Papaya,Santa Cruz,,Primera,N,4.98,kg,,
2022-08-22,demo-mayorista,demo-may-2022-08-22,Mercado Abasto,Naranja,Santa Cruz,Valencia,Primera,A,34.85,ciento,,
2022-08-22,demo-mayorista,demo-may-2022-08-22,Mercado Abasto,Frutilla,,,Primera,A,9.63,kg,,
2022-08-22,demo-mayorista,demo-may-2022-08-22,Mercado Abasto,Guineo,,,,A,30.42,chipa,,
2022-08-22,demo-mayorista,demo-may-2022-08-22,Mercado Abasto,Tomate,Santa Cruz,,Primera,A,4.43,kg,,
2022-08-22,demo-mayorista,demo-may-2022-08-22,Mercado Abasto,Yuca,Santa Cruz,,Segunda,N,50.90,bolsa,,
2022-09-05,demo-mayorista,demo-may-2022-09-05,Mercado Abasto,Piña,,,Primera,N,7.82,unidad,,
2022-09-05,demo-mayorista,demo-may-2022-09-05,Mercado Abasto,Naranja,Norte Integrado,Valencia,Primera,N,38.40,ciento,,
2022-09-05,demo-mayorista,demo-may-2022-09-05,Mercado Abasto,Frutilla,,,Primera,A,10.30,kg,,
2022-09-05,demo-mayorista,demo-may-2022-09-05,Mercado Abasto,Guineo,Norte Integrado,,Segunda,A,29.69,chipa,,
2022-09-05,demo-mayorista,demo-may-2022-09-05,Mercado Abasto,Tomate,Valles Cruceños,,Primera,A,4.73,kg,,
2022-09-05,demo-mayorista,demo-may-2022-09-05,Mercado Abasto,Yuca,Santa Cruz,,Primera,N,58.36,bolsa,,
2022-09-19,demo-mayorista,demo-may-2022-09-19,Mercado Abasto,Piña,Norte Integrado,,,N,7.06,unidad,,
2022-09-19,demo-mayorista,demo-may-2022-09-19,Mercado Abasto,Durazno,Argentina,,Segunda,E,12.34,kg,,
2022-09-19,demo-mayorista,demo-may-2022-09-19,Mercado Abasto,Fresa,Comarapa,,Segunda,A,10.53,kg,,
2022-09-19,demo-mayorista,demo-may-2022-09-19,Mercado Abasto,Guineo,,,Primera,A,33.24,chipa,,
2022-09-19,demo-mayorista,demo-may-2022-09-19,Mercado Abasto,Tomate,Santa Cruz,,Primera,A,5.49,kg,,
2022-09-19,demo-mayorista,demo-may-2022-09-19,Mercado Abasto,Yuca,Santa Cruz,,Primera,E,55.46,bolsa,,
2022-10-17,demo-mayorista,demo-may-2022-10-17,Mercado Abasto,Papaya,Santa Cruz,,,A,4.80,kg,,
2022-10-17,demo-mayorista,demo-may-2022-10-17,Mercado Abasto,Piña,,,,A,6.47,unidad,,
2022-10-17,demo-mayorista,demo-may-2022-10-17,Mercado Abasto,Durazno,Chile,,Segunda,E,12.24,kg,,
2022-10-17,demo-mayorista,demo-may-2022-10-17,Mercado Abasto,Guineo,Norte Integrado,,,N,34.45,chipa,,
2022-10-17,demo-mayorista,demo-may-2022-10-17,Mercado Abasto,Tomate,Santa Cruz,,Segunda,A,5.96,kg,,
2022-10-17,demo-mayorista,demo-may-2022-10-17,Mercado Abasto,Yuca,,,Primera,N,59.16,bolsa,,
2022-10-31,demo-mayorista,demo-may-2022-10-31,Mercado Abasto,Papaya,,,Primera,A,4.52,kg,,
2022-10-31,demo-mayorista,demo-may-2022-10-31,Mercado Abasto,Piña,Norte Integrado,,,A,6.49,unidad,,
2022-10-31,demo-mayorista,demo-may-2022-10-31,Mercado Abasto,Frutilla,Comarapa,,Primera,E,15.62,kg,,
2022-10-31,demo-mayorista,demo-may-2022-10-31,Mercado Abasto,Guineo,Cochabamba,,Primera,N,38.69,chipa,,
2022-10-31,demo-mayorista,demo-may-2022-10-31,Mercado Abasto,Yuca,Santa Cruz,,Primera,E,60.54,bolsa,,
2022-11-14,demo-mayorista,demo-may-2022-11-14,Mercado Abasto,Papaya,Norte Integrado,,Primera,A,4.44,kg,,
2022-11-14,demo-mayorista,demo-may-2022-11-14,Mercado Abasto,Piña,Norte Integrado,,Segunda,A,6.00,unidad,,
2022-11-14,demo-mayorista,demo-may-2022-11-14,Mercado Abasto,Mandarina,Santa Cruz,Criolla,,E,37.27,ciento,,
2022-11-14,demo-mayorista,demo-may-2022-11-14,Mercado Abasto,Sandía,Santa Cruz,,Primera,A,12.04,unidad,,
2022-11-14,demo-mayorista,demo-may-2022-11-14,Mercado Abasto,Guineo,,,,N,36.71,chipa,,
2022-11-14,demo-mayorista,demo-may-2022-11-14,Mercado Abasto,Tomate,Santa Cruz,,Primera,E,6.70,kg,,
2022-11-28,demo-mayorista,demo-may-2022-11-28,Mercado Abasto,Papaya,Santa Cruz,,Primera,A,4.04,kg,,
2022-11-28,demo-mayorista,demo-may-2022-11-28,Mercado Abasto,Piña,Norte Integrado,,,A,6.06,unidad,,
2022-11-28,demo-mayorista,demo-may-2022-11-28,Mercado Abasto,Naranja,,Criolla,Primera,E,51.86,ciento,,
2022-11-28,demo-mayorista,demo-may-2022-11-28,Mercado Abasto,Sandía,Santa Cruz,,Primera,A,11.77,unidad,,
2022-11-28,demo-mayorista,demo-may-2022-11-28,Mercado Abasto,Frutilla,,,Segunda,E,16.72,kg,,
2022-11-28,demo-mayorista,demo-may-2022-11-28,Mercado Abasto,Guineo,Cochabamba,,Primera,N,36.98,chipa,,
2022-11-28,demo-mayorista,demo-may-2022-11-28,Mercado Abasto,Tomate,Cochabamba,,Primera,N,7.39,kg,,
2022-11-28,demo-mayorista,demo-may-2022-11-28,Mercado Abasto,Yuca,,,,N,55.70,bolsa,,
2022-12-12,demo-mayorista,demo-may-2022-12-12,Mercado Abasto,Achacha,Santa Cruz,,Segunda,A,50.57,ciento,,
2022-12-12,demo-mayorista,demo-may-2022-12-12,Mercado Abasto,Papaya,Norte Integrado,,,A,3.63,kg,,
2022-12-12,demo-mayorista,demo-may-2022-12-12,Mercado Abasto,Piña,,,Segunda,A,5.95,unidad,,
2022-12-12,demo-mayorista,demo-may-2022-12-12,Mercado Abasto,Sandía,Santa Cruz,,Primera,A,10.80,unidad,,
2022-12-12,demo-mayorista,demo-may-2022-12-12,Mercado Abasto,Durazno,,,Primera,A,7.72,kg,,
2022-12-12,demo-mayorista,demo-may-2022-12-12,Mercado Abasto,Banano,Norte Integrado,,Primera,N,37.43,chipa,,
2022-12-12,demo-mayorista,demo-may-2022-12-12,Mercado Abasto,Tomate,Valles Cruceños,,Primera,E,7.32,kg,,
2022-12-26,demo-mayorista,demo-may-2022-12-26,Mercado Abasto,Achachairú,Norte Integrado,,Segunda,A,43.12,ciento,,
2022-12-26,demo-mayorista,demo-may-2022-12-26,Mercado Abasto,Papaya,Beni,,Primera,A,3.84,kg,,
2022-12-26,demo-mayorista,demo-may-2022-12-26,Mercado Abasto,Piña,Santa Cruz,,Primera,A,5.98,unidad,,
2022-12-26,demo-mayorista,demo-may-2022-12-26,Mercado Abasto,Sandía,Santa Cruz,,Primera,A,11.81,unidad,,
2022-12-26,demo-mayorista,demo-may-2022-12-26,Mercado Abasto,Durazno,Valles Cruceños,,Primera,A,6.99,kg,,
2022-12-26,demo-mayorista,demo-may-2022-12-26,Mercado Abasto,Banano,Norte Integrado,,Segunda,N,32.58,chipa,,
2022-12-26,demo-mayorista,demo-may-2022-12-26,Mercado Abasto,Tomate,Santa Cruz,,Segunda,E,6.95,kg,,
2022-12-26,demo-mayorista,demo-may-2022-12-26,Mercado Abasto,Yuca,Santa Cruz,,,A,49.33,bolsa,,
2023-01-09,demo-mayorista,demo-may-2023-01-09,Mercado Abasto,Achacha,Santa Cruz,,Primera,A,43.56,ciento,,
2023-01-09,demo-mayorista,demo-may-2023-01-09,Mercado Abasto,Papaya,,,Primera,A,3.62,kg,,
2023-01-09,demo-mayorista,demo-may-2023-01-09,Mercado Abasto,Piña,Norte Integrado,,,A,6.07,unidad,,
2023-01-09,demo-mayorista,demo-may-2023-01-09,Mercado Abasto,Sandía,Santa Cruz,,Primera,A,12.45,unidad,,
2023-01-09,demo-mayorista,demo-may-2023-01-09,Mercado Abasto,Durazno,,,Segunda,A,7.61,kg,,
2023-01-09,demo-mayorista,demo-may-2023-01-09,Mercado Abasto,Guineo,Santa Cruz,,Segunda,A,29.95,chipa,,
2023-01-09,demo-mayorista,demo-may-2023-01-09,Mercado Abasto,Tomate,Santa Cruz,,Primera,N,6.98,kg,,
2023-01-09,demo-mayorista,demo-may-2023-01-09,Mercado Abasto,Yuca,Santa Cruz,,,A,46.58,bolsa,,
2023-02-06,demo-mayorista,demo-may-2023-02-06,Mercado Abasto,Papaya,Santa Cruz,,Primera,A,3.63,kg,,
2023-02-06,demo-mayorista,demo-may-2023-02-06,Mercado Abasto,Piña,,,Primera,N,6.57,unidad,,
2023-02-06,demo-mayorista,demo-may-2023-02-06,Mercado Abasto,Durazno,Mairana,,,A,8.29,kg,,
2023-02-06,demo-mayorista,demo-may-2023-02-06,Mercado Abasto,Banano,Cochabamba,,,A,29.45,chipa,,
2023-02-06,demo-mayorista,demo-may-2023-02-06,Mercado Abasto,Tomate,Valles Cruceños,,,N,7.00,kg,,
2023-02-06,demo-mayorista,demo-may-2023-02-06,Mercado Abasto,Yuca,Santa Cruz,,Primera,A,41.06,bolsa,,
2023-02-20,demo-mayorista,demo-may-2023-02-20,Mercado Abasto,Piña,Beni,,,N,6.48,unidad,,
2023-02-20,demo-mayorista,demo-may-2023-02-20,Mercado Abasto,Naranja,Santa Cruz,,Primera,E,55.23,ciento,,
2023-02-20,demo-mayorista,demo-may-2023-02-20,Mercado Abasto,Guineo,,,,A,25.57,chipa,,
2023-02-20,demo-mayorista,demo-may-2023-02-20,Mercado Abasto,Tomate,,,,N,7.28,kg,,
2023-02-20,demo-mayorista,demo-may-2023-02-20,Mercado Abasto,Yuca,Norte Integrado,,,A,39.15,bolsa,,
2023-03-20,demo-mayorista,demo-may-2023-03-20,Mercado Abasto,Papaya,Santa Cruz,,,A,3.42,kg,,
2023-03-20,demo-mayorista,demo-may-2023-03-20,Mercado Abasto,Piña,,,Primera,N,8.55,unidad,,
2023-03-20,demo-mayorista,demo-may-2023-03-20,Mercado Abasto,Mandarina,,Criolla,Primera,N,29.81,ciento,,
2023-03-20,demo-mayorista,demo-may-2023-03-20,Mercado Abasto,Guineo,Santa Cruz,,Segunda,A,24.81,chipa,,
2023-03-20,demo-mayorista,demo-may-2023-03-20,Mercado Abasto,Tomate,Cochabamba,,Primera,N,7.04,kg,,
2023-03-20,demo-mayorista,demo-may-2023-03-20,Mercado Abasto,Yuca,,,Primera,A,38.65,bolsa,,
2023-04-03,demo-mayorista,demo-may-2023-04-03,Mercado Abasto,Papaya,Norte Integrado,,Segunda,A,3.64,kg,,
2023-04-03,demo-mayorista,demo-may-2023-04-03,Mercado Abasto,Mandarina,Valles Cruceños,,Primera,A,26.89,ciento,,
2023-04-03,demo-mayorista,demo-may-2023-04-03,Mercado Abasto,Naranja,Santa Cruz,,Primera,N,42.29,ciento,,
2023-04-03,demo-mayorista,demo-may-2023-04-03,Mercado Abasto,Guineo,Santa Cruz,,Primera,A,26.35,chipa,,
2023-04-03,demo-mayorista,demo-may-2023-04-03,Mercado Abasto,Tomate,,,Primera,A,5.81,kg,,
2023-04-03,demo-mayorista,demo-may-2023-04-03,Mercado Abasto,Yuca,,,Primera,A,34.17,bolsa,,
2023-04-17,demo-mayorista,demo-may-2023-04-17,Mercado Abasto,Papaya,Norte Integrado,,,A,3.49,kg,,
2023-04-17,demo-mayorista,demo-may-2023-04-17,Mercado Abasto,Piña,,,Primera,E,9.38,unidad,,
2023-04-17,demo-mayorista,demo-may-2023-04-17,Mercado Abasto,Mandarina,Cochabamba,,Primera,A,24.36,ciento,,
2023-04-17,demo-mayorista,demo-may-2023-04-17,Mercado Abasto,Naranja,Norte Integrado,,Primera,N,37.24,ciento,,
2023-04-17,demo-mayorista,demo-may-2023-04-17,Mercado Abasto,Banano,Norte Integrado,,Primera,A,24.95,chipa,,
2023-04-17,demo-mayorista,demo-may-2023-04-17,Mercado Abasto,Tomate,,,Primera,N,5.59,kg,,
2023-04-17,demo-mayorista,demo-may-2023-04-17,Mercado Abasto,Yuca,Norte Integrado,,Segunda,A,34.27,bolsa,,
2023-05-01,demo-mayorista,demo-may-2023-05-01,Mercado Abasto,Papaya,,,Primera,A,3.81,kg,,
2023-05-01,demo-mayorista,demo-may-2023-05-01,Mercado Abasto,Piña,,,,N,9.06,unidad,,
2023-05-01,demo-mayorista,demo-may-2023-05-01,Mercado Abasto,Mandarina,Cbba.,Ponkan,Segunda,A,23.67,ciento,,
2023-05-01,demo-mayorista,demo-may-2023-05-01,Mercado Abasto,Naranja,Santa Cruz,Criolla,Segunda,A,35.51,ciento,,
2023-05-01,demo-mayorista,demo-may-2023-05-01,Mercado Abasto,Guineo,Cochabamba,,Primera,A,24.20,chipa,,
2023-05-01,demo-mayorista,demo-may-2023-05-01,Mercado Abasto,Tomate,Cochabamba,,,A,5.58,kg,,
2023-05-01,demo-mayorista,demo-may-2023-05-01,Mercado Abasto,Yuca,Santa Cruz,,Segunda,A,37.62,bolsa,,
2023-05-15,demo-mayorista,demo-may-2023-05-15,Mercado Abasto,Papaya,Santa Cruz,,Primera,A,3.73,kg,,
2023-05-15,demo-mayorista,demo-may-2023-05-15,Mercado Abasto,Mandarina,Santa Cruz,,Primera,A,21.45,ciento,,
2023-05-15,demo-mayorista,demo-may-2023-05-15,Mercado Abasto,Naranja,Norte Integrado,,,A,32.54,ciento,,
2023-05-15,demo-mayorista,demo-may-2023-05-15,Mercado Abasto,Guineo,Norte Integrado,,Primera,A,25.33,chipa,,
2023-05-15,demo-mayorista,demo-may-2023-05-15,Mercado Abasto,Tomate,Santa Cruz,,,A,4.63,kg,,
2023-05-15,demo-mayorista,demo-may-2023-05-15,Mercado Abasto,Yuca,Santa Cruz,,Segunda,A,37.55,bolsa,,
2023-05-29,demo-mayorista,demo-may-2023-05-29,Mercado Abasto,Papaya,Beni,,Primera,A,3.53,kg,,
2023-05-29,demo-mayorista,demo-may-2023-05-29,Mercado Abasto,Piña,,,Primera,E,8.65,unidad,,
2023-05-29,demo-mayorista,demo-may-2023-05-29,Mercado Abasto,Mandarina,Cochabamba,Criolla,Segunda,A,21.58,ciento,,
2023-05-29,demo-mayorista,demo-may-2023-05-29,Mercado Abasto,Naranja,Santa Cruz,,Primera,A,32.27,ciento,,
2023-05-29,demo-mayorista,demo-may-2023-05-29,Mercado Abasto,Guineo,,,,A,25.53,chipa,,
2023-05-29,demo-mayorista,demo-may-2023-05-29,Mercado Abasto,Tomate,Cochabamba,,Primera,A,4.98,kg,,
2023-05-29,demo-mayorista,demo-may-2023-05-29,Mercado Abasto,Yuca,Norte Integrado,,,A,36.28,bolsa,,
2023-06-12,demo-mayorista,demo-may-2023-06-12,Mercado Abasto,Papaya,Santa Cruz,,Primera,A,3.84,kg,,
2023-06-12,demo-mayorista,demo-may-2023-06-12,Mercado Abasto,Piña,,,Primera,E,9.70,unidad,,
2023-06-12,demo-mayorista,demo-may-2023-06-12,Mercado Abasto,Mandarina,Cochabamba,Criolla,Segunda,A,23.33,ciento,,
2023-06-12,demo-mayorista,demo-may-2023-06-12,Mercado Abasto,Naranja,,Criolla,Primera,A,34.59,ciento,,
2023-06-12,demo-mayorista,demo-may-2023-06-12,Mercado Abasto,Frutilla,Cochabamba,,Primera,E,15.27,kg,,
2023-06-12,demo-mayorista,demo-may-2023-06-12,Mercado Abasto,Guineo,Santa Cruz,,,A,23.24,chipa,,
2023-06-12,demo-mayorista,demo-may-2023-06-12,Mercado Abasto,Tomate,Cochabamba,,,A,4.28,kg,,
2023-06-12,demo-mayorista,demo-may-2023-06-12,Mercado Abasto,Yuca,Norte Integrado,,Primera,A,39.63,bolsa,,
2023-06-26,demo-mayorista,demo-may-2023-06-26,Mercado Abasto,Papaya,Norte Integrado,,Segunda,A,4.36,kg,,
2023-06-26,demo-mayorista,demo-may-2023-06-26,Mercado Abasto,Piña,Norte Integrado,,Primera,N,9.64,unidad,,
2023-06-26,demo-mayorista,demo-may-2023-06-26,Mercado Abasto,Mandarina,Cochabamba,Ponkan,Primera,A,25.26,ciento,,
2023-06-26,demo-mayorista,demo-may-2023-06-26,Mercado Abasto,Naranja,,Criolla,,A,34.35,ciento,,
2023-06-26,demo-mayorista,demo-may-2023-06-26,Mercado Abasto,Frutilla,Comarapa,,Primera,N,12.92,kg,,
2023-06-26,demo-mayorista,demo-may-2023-06-26,Mercado Abasto,Banano,,,Primera,A,25.58,chipa,,
2023-06-26,demo-mayorista,demo-may-2023-06-26,Mercado Abasto,Tomate,Cochabamba,,Primera,A,4.64,kg,,
2023-06-26,demo-mayorista,demo-may-2023-06-26,Mercado Abasto,Yuca,Santa Cruz,,Segunda,A,38.16,bolsa,,
2023-07-10,demo-mayorista,demo-may-2023-07-10,Mercado Abasto,Papaya,Norte Integrado,,Segunda,N,4.25,kg,,
2023-07-10,demo-mayorista,demo-may-2023-07-10,Mercado Abasto,Piña,,,Primera,E,9.13,unidad,,
2023-07-10,demo-mayorista,demo-may-2023-07-10,Mercado Abasto,Mandarina,Santa Cruz,Criolla,Primera,A,25.49,ciento,,
2023-07-10,demo-mayorista,demo-may-2023-07-10,Mercado Abasto,Naranja,Santa Cruz,Valencia,,A,33.66,ciento,,
2023-07-10,demo-mayorista,demo-may-2023-07-10,Mercado Abasto,Guineo,Norte Integrado,,Primera,A,25.50,chipa,,
2023-07-10,demo-mayorista,demo-may-2023-07-10,Mercado Abasto,Tomate,Cochabamba,,,A,4.68,kg,,
2023-07-10,demo-mayorista,demo-may-2023-07-10,Mercado Abasto,Yuca,Norte Integrado,,Primera,A,42.83,bolsa,,
2023-07-24,demo-mayorista,demo-may-2023-07-24,Mercado Abasto,Papaya,Santa Cruz,,,N,4.26,kg,,
2023-07-24,demo-mayorista,demo-may-2023-07-24,Mercado Abasto,Fresa,Comarapa,,Primera,A,10.02,kg,,
2023-07-24,demo-mayorista,demo-may-2023-07-24,Mercado Abasto,Banano,Cochabamba,,Segunda,A,25.76,chipa,,
2023-07-24,demo-mayorista,demo-may-2023-07-24,Mercado Abasto,Tomate,Cochabamba,,Primera,A,4.62,kg,,
2023-07-24,demo-mayorista,demo-may-2023-07-24,Mercado Abasto,Yuca,Norte Integrado,,Primera,A,48.26,bolsa,,
2023-08-07,demo-mayorista,demo-may-2023-08-07,Mercado Abasto,Papaya,,,Primera,N,4.71,kg,,
2023-08-07,demo-mayorista,demo-may-2023-08-07,Mercado Abasto,Naranja,Norte Integrado,Criolla,Primera,A,36.90,ciento,,
2023-08-07,demo-mayorista,demo-may-2023-08-07,Mercado Abasto,Sandía,Santa Cruz,,Primera,E,17.80,unidad,,
2023-08-07,demo-mayorista,demo-may-2023-08-07,Mercado Abasto,Frutilla,Valles Cruceños,,Primera,A,9.25,kg,,
2023-08-07,demo-mayorista,demo-may-2023-08-07,Mercado Abasto,Guineo,,,Primera,A,27.62,chipa,,
2023-08-07,demo-mayorista,demo-may-2023-08-07,Mercado Abasto,Yuca,,,Primera,N,45.75,bolsa,,
2023-08-21,demo-mayorista,demo-may-2023-08-21,Mercado Abasto,Papaya,Santa Cruz,,Primera,N,5.37,kg,,
2023-08-21,demo-mayorista,demo-may-2023-08-21,Mercado Abasto,Piña,Santa Cruz,,Primera,N,9.05,unidad,,
2023-08-21,demo-mayorista,demo-may-2023-08-21,Mercado Abasto,Frutilla,,,Primera,A,9.48,kg,,
2023-08-21,demo-mayorista,demo-may-2023-08-21,Mercado Abasto,Guineo,Norte Integrado,,Primera,A,28.68,chipa,,
2023-08-21,demo-mayorista,demo-may-2023-08-21,Mercado Abasto,Tomate,Cochabamba,,Primera,A,4.98,kg,,
2023-08-21,demo-mayorista,demo-may-2023-08-21,Mercado Abasto,Yuca,Santa Cruz,,Segunda,N,47.45,bolsa,,
2023-09-04,demo-mayorista,demo-may-2023-09-04,Mercado Abasto,Piña,,,Primera,N,8.63,unidad,,
2023-09-04,demo-mayorista,demo-may-2023-09-04,Mercado Abasto,Naranja,,Criolla,Primera,N,37.48,ciento,,
2023-09-04,demo-mayorista,demo-may-2023-09-04,Mercado Abasto,Banano,,,,A,31.05,chipa,,
2023-09-04,demo-mayorista,demo-may-2023-09-04,Mercado Abasto,Tomate,Cochabamba,,,A,5.06,kg,,
2023-09-04,demo-mayorista,demo-may-2023-09-04,Mercado Abasto,Yuca,Santa Cruz,,,N,56.69,bolsa,,
2023-09-18,demo-mayorista,demo-may-2023-09-18,Mercado Abasto,Papaya,,,Primera,N,5.30,kg,,
2023-09-18,demo-mayorista,demo-may-2023-09-18,Mercado Abasto,Piña,,,Primera,A,7.30,unidad,,
2023-09-18,demo-mayorista,demo-may-2023-09-18,Mercado Abasto,Naranja,Santa Cruz,Valencia,Segunda,N,42.41,ciento,,
2023-09-18,demo-mayorista,demo-may-2023-09-18,Mercado Abasto,Frutilla,Cochabamba,,Primera,A,9.99,kg,,
2023-09-18,demo-mayorista,demo-may-2023-09-18,Mercado Abasto,Guineo,Santa Cruz,,,A,32.88,chipa,,
2023-09-18,demo-mayorista,demo-may-2023-09-18,Mercado Abasto,Tomate,,,Segunda,A,5.05,kg,,
2023-09-18,demo-mayorista,demo-may-2023-09-18,Mercado Abasto,Yuca,,,,N,54.96,bolsa,,
2023-10-02,demo-mayorista,demo-may-2023-10-02,Mercado Abasto,Papaya,Santa Cruz,,Primera,A,4.75,kg,,
2023-10-02,demo-mayorista,demo-may-2023-10-02,Mercado Abasto,Piña,Norte Integrado,,Segunda,A,6.72,unidad,,
2023-10-02,demo-mayorista,demo-may-2023-10-02,Mercado Abasto,Frutilla,Valles Cruceños,,,N,11.70,kg,,
2023-10-02,demo-mayorista,demo-may-2023-10-02,Mercado Abasto,Guineo,Cochabamba,,Segunda,N,34.23,chipa,,
2023-10-02,demo-mayorista,demo-may-2023-10-02,Mercado Abasto,Tomate,Cochabamba,,,A,5.50,kg,,
2023-10-02,demo-mayorista,demo-may-2023-10-02,Mercado Abasto,Yuca,Santa Cruz,,Primera,N,61.01,bolsa,,
2023-10-16,demo-mayorista,demo-may-2023-10-16,Mercado Abasto,Papaya,Santa Cruz,,Primera,N,4.24,kg,,
2023-10-16,demo-mayorista,demo-may-2023-10-16,Mercado Abasto,Piña,Santa Cruz,,Primera,A,6.39,unidad,,
2023-10-16,demo-mayorista,demo-may-2023-10-16,Mercado Abasto,Mandarina,Cbba.,Criolla,Primera,E,34.51,ciento,,
2023-10-16,demo-mayorista,demo-may-2023-10-16,Mercado Abasto,Guineo,Norte Integrado,,Primera,A,32.83,chipa,,
2023-10-16,demo-mayorista,demo-may-2023-10-16,Mercado Abasto,Yuca,Norte Integrado,,Primera,N,58.00,bolsa,,
2023-10-30,demo-mayorista,demo-may-2023-10-30,Mercado Abasto,Papaya,Norte Integrado,,,N,4.57,kg,,
2023-10-30,demo-mayorista,demo-may-2023-10-30,Mercado Abasto,Piña,Santa Cruz,,Primera,A,5.61,unidad,,
2023-10-30,demo-mayorista,demo-may-2023-10-30,Mercado Abasto,Naranja,Cochabamba,,Primera,E,51.25,ciento,,
2023-10-30,demo-mayorista,demo-may-2023-10-30,Mercado Abasto,Guineo,Santa Cruz,,Primera,N,35.62,chipa,,
2023-10-30,demo-mayorista,demo-may-2023-10-30,Mercado Abasto,Tomate,Valles Cruceños,,Primera,N,6.58,kg,,
2023-10-30,demo-mayorista,demo-may-2023-10-30,Mercado Abasto,Yuca,,,Primera,N,54.59,bolsa,,
2023-11-13,demo-mayorista,demo-may-2023-11-13,Mercado Abasto,Papaya,Norte Integrado,,Primera,A,4.25,kg,,
2023-11-13,demo-mayorista,demo-may-2023-11-13,Mercado Abasto,Piña,Norte Integrado,,Primera,A,5.37,unidad,,
2023-11-13,demo-mayorista,demo-may-2023-11-13,Mercado Abasto,Sandía,,,Primera,A,12.79,unidad,,
2023-11-13,demo-mayorista,demo-may-2023-11-13,Mercado Abasto,Banano,Norte Integrado,,Primera,N,37.32,chipa,,
2023-11-13,demo-mayorista,demo-may-2023-11-13,Mercado Abasto,Yuca,,,Primera,N,61.35,bolsa,,
2023-11-27,demo-mayorista,demo-may-2023-11-27,Mercado Abasto,Achachairú,Santa Cruz,,,N,56.71,ciento,,
2023-11-27,demo-mayorista,demo-may-2023-11-27,Mercado Abasto,Papaya,Norte Integrado,,Primera,A,3.87,kg,,
2023-11-27,demo-mayorista,demo-may-2023-11-27,Mercado Abasto,Piña,Norte Integrado,,Primera,A,5.57,unidad,,
2023-11-27,demo-mayorista,demo-may-2023-11-27,Mercado Abasto,Sandía,Valles Cruceños,,,A,12.06,unidad,,
2023-11-27,demo-mayorista,demo-may-2023-11-27,Mercado Abasto,Durazno,Comarapa,,Segunda,N,9.07,kg,,
2023-11-27,demo-mayorista,demo-may-2023-11-27,Mercado Abasto,Guineo,Cochabamba,,Primera,N,35.29,chipa,,
2023-11-27,demo-mayorista,demo-may-2023-11-27,Mercado Abasto,Tomate,Cochabamba,,,N,6.84,kg,,
2023-11-27,demo-mayorista,demo-may-2023-11-27,Mercado Abasto,Yuca,Norte Integrado,,,N,53.53,bolsa,,
2023-12-11,demo-mayorista,demo-may-2023-12-11,Mercado Abasto,Papaya,Beni,,Primera,A,3.90,kg,,
2023-12-11,demo-mayorista,demo-may-2023-12-11,Mercado Abasto,Naranja,Cochabamba,Valencia,Primera,E,53.32,ciento,,
2023-12-11,demo-mayorista,demo-may-2023-12-11,Mercado Abasto,Sandía,Santa Cruz,,Primera,A,11.78,unidad,,
2023-12-11,demo-mayorista,demo-may-2023-12-11,Mercado Abasto,Durazno,Comarapa,,Segunda,A,8.31,kg,,
2023-12-11,demo-mayorista,demo-may-2023-12-11,Mercado Abasto,Guineo,Norte Integrado,,Primera,N,34.53,chipa,,
2023-12-11,demo-mayorista,demo-may-2023-12-11,Mercado Abasto,Tomate,Santa Cruz,,Primera,E,7.52,kg,,
2023-12-11,demo-mayorista,demo-may-2023-12-11,Mercado Abasto,Yuca,Santa Cruz,,Segunda,N,52.21,bolsa,,
2023-12-25,demo-mayorista,demo-may-2023-12-25,Mercado Abasto,Achachairú,Santa Cruz,,,A,47.41,ciento,,
2023-12-25,demo-mayorista,demo-may-2023-12-25,Mercado Abasto,Papaya,Santa Cruz,,,A,3.39,kg,,
2023-12-25,demo-mayorista,demo-may-2023-12-25,Mercado Abasto,Piña,Santa Cruz,,,A,5.41,unidad,,
2023-12-25,demo-mayorista,demo-may-2023-12-25,Mercado Abasto,Sandía,Valles Cruceños,,Primera,A,10.60,unidad,,
2023-12-25,demo-mayorista,demo-may-2023-12-25,Mercado Abasto,Durazno,Valles Cruceños,,Primera,A,7.31,kg,,
2023-12-25,demo-mayorista,demo-may-2023-12-25,Mercado Abasto,Banano,Norte Integrado,,Segunda,A,30.60,chipa,,
2023-12-25,demo-mayorista,demo-may-2023-12-25,Mercado Abasto,Tomate,Cochabamba,,,N,7.17,kg,,
2023-12-25,demo-mayorista,demo-may-2023-12-25,Mercado Abasto,Yuca,Santa Cruz,,Segunda,A,47.69,bolsa,,
2024-01-08,demo-mayorista,demo-may-2024-01-08,Mercado Abasto,Achacha,Santa Cruz,,Primera,A,42.52,ciento,,
2024-01-08,demo-mayorista,demo-may-2024-01-08,Mercado Abasto,Papaya,Santa Cruz,,Primera,A,3.65,kg,,
2024-01-08,demo-mayorista,demo-may-2024-01-08,Mercado Abasto,Piña,Santa Cruz,,Primera,A,6.23,unidad,,
2024-01-08,demo-mayorista,demo-may-2024-01-08,Mercado Abasto,Sandía,Santa Cruz,,Primera,A,11.40,unidad,,
2024-01-08,demo-mayorista,demo-may-2024-01-08,Mercado Abasto,Durazno,Comarapa,,Primera,A,7.66,kg,,
2024-01-08,demo-mayorista,demo-may-2024-01-08,Mercado Abasto,Guineo,,,Primera,A,32.09,chipa,,
2024-01-08,demo-mayorista,demo-may-2024-01-08,Mercado Abasto,Tomate,,,Primera,N,6.77,kg,,
2024-01-08,demo-mayorista,demo-may-2024-01-08,Mercado Abasto,Yuca,Norte Integrado,,,A,46.91,bolsa,,
2024-01-22,demo-mayorista,demo-may-2024-01-22,Mercado Abasto,Achacha,Santa Cruz,,,A,49.55,ciento,,
2024-01-22,demo-mayorista,demo-may-2024-01-22,Mercado Abasto,Papaya,,,Segunda,A,3.53,kg,,
2024-01-22,demo-mayorista,demo-may-2024-01-22,Mercado Abasto,Piña,,,Primera,A,5.95,unidad,,
2024-01-22,demo-mayorista,demo-may-2024-01-22,Mercado Abasto,Naranja,,Criolla,,E,48.89,ciento,,
2024-01-22,demo-mayorista,demo-may-2024-01-22,Mercado Abasto,Durazno,Valles Cruceños,,,A,7.45,kg,,
2024-01-22,demo-mayorista,demo-may-2024-01-22,Mercado Abasto,Guineo,Santa Cruz,,Primera,A,29.57,chipa,,
2024-01-22,demo-mayorista,demo-may-2024-01-22,Mercado Abasto,Tomate,Cochabamba,,,N,6.85,kg,,
2024-01-22,demo-mayorista,demo-may-2024-01-22,Mercado Abasto,Yuca,Norte Integrado,,,A,44.37,bolsa,,
2024-02-05,demo-mayorista,demo-may-2024-02-05,Mercado Abasto,Achachairú,Norte Integrado,,,N,57.55,ciento,,
2024-02-05,demo-mayorista,demo-may-2024-02-05,Mercado Abasto,Papaya,,,Primera,A,3.62,kg,,
2024-02-05,demo-mayorista,demo-may-2024-02-05,Mercado Abasto,Piña,Beni,,Primera,A,6.26,unidad,,
2024-02-05,demo-mayorista,demo-may-2024-02-05,Mercado Abasto,Durazno,Comarapa,,Primera,A,8.11,kg,,
2024-02-05,demo-mayorista,demo-may-2024-02-05,Mercado Abasto,Guineo,Norte Integrado,,Segunda,A,26.59,chipa,,
2024-02-05,demo-mayorista,demo-may-2024-02-05,Mercado Abasto,Tomate,Santa Cruz,,Primera,N,7.32,kg,,
2024-02-05,demo-mayorista,demo-may-2024-02-05,Mercado Abasto,Yuca,Santa Cruz,,,A,37.53,bolsa,,
2024-02-19,demo-mayorista,demo-may-2024-02-19,Mercado Abasto,Papaya,Norte Integrado,,Primera,A,3.10,kg,,
2024-02-19,demo-mayorista,demo-may-2024-02-19,Mercado Abasto,Piña,Santa Cruz,,Segunda,A,6.71,unidad,,
2024-02-19,demo-mayorista,demo-may-2024-02-19,Mercado Abasto,Mandarina,Cochabamba,Criolla,Segunda,E,38.62,ciento,,
2024-02-19,demo-mayorista,demo-may-2024-02-19,Mercado Abasto,Durazno,Mairana,,,N,9.04,kg,,
2024-02-19,demo-mayorista,demo-may-2024-02-19,Mercado Abasto,Banano,Cochabamba,,Segunda,A,28.47,chipa,,
2024-02-19,demo-mayorista,demo-may-2024-02-19,Mercado Abasto,Tomate,,,,N,6.94,kg,,
2024-02-19,demo-mayorista,demo-may-2024-02-19,Mercado Abasto,Yuca,Santa Cruz,,,A,37.24,bolsa,,
2024-03-04,demo-mayorista,demo-may-2024-03-04,Mercado Abasto,Papaya,Santa Cruz,,Segunda,A,3.61,kg,,
2024-03-04,demo-mayorista,demo-may-2024-03-04,Mercado Abasto,Piña,,,Primera,N,7.09,unidad,,
2024-03-04,demo-mayorista,demo-may-2024-03-04,Mercado Abasto,Banano,Cochabamba,,Primera,A,28.17,chipa,,
2024-03-04,demo-mayorista,demo-may-2024-03-04,Mercado Abasto,Tomate,Cochabamba,,Segunda,N,7.55,kg,,
2024-03-04,demo-mayorista,demo-may-2024-03-04,Mercado Abasto,Yuca,,,Segunda,A,34.80,bolsa,,
2024-03-18,demo-mayorista,demo-may-2024-03-18,Mercado Abasto,Papaya,Santa Cruz,,Segunda,A,3.56,kg,,
2024-03-18,demo-mayorista,demo-may-2024-03-18,Mercado Abasto,Mandarina,Valles Cruceños,,,N,28.94,ciento,,
2024-03-18,demo-mayorista,demo-may-2024-03-18,Mercado Abasto,Naranja,Norte Integrado,,Segunda,E,43.51,ciento,,
2024-03-18,demo-mayorista,demo-may-2024-03-18,Mercado Abasto,Guineo,Santa Cruz,,Primera,A,24.23,chipa,,
2024-03-18,demo-mayorista,demo-may-2024-03-18,Mercado Abasto,Tomate,Valles Cruceños,,,N,6.29,kg,,
2024-03-18,demo-mayorista,demo-may-2024-03-18,Mercado Abasto,Yuca,Santa Cruz,,Primera,A,38.21,bolsa,,
2024-04-01,demo-mayorista,demo-may-2024-04-01,Mercado Abasto,Papaya,,,,A,3.20,kg,,
2024-04-01,demo-mayorista,demo-may-2024-04-01,Mercado Abasto,Piña,Norte Integrado,,Primera,E,9.03,unidad,,
2024-04-01,demo-mayorista,demo-may-2024-04-01,Mercado Abasto,Mandarina,Santa Cruz,,,A,27.82,ciento,,
2024-04-01,demo-mayorista,demo-may-2024-04-01,Mercado Abasto,Fresa,Cochabamba,,Segunda,E,16.18,kg,,
2024-04-01,demo-mayorista,demo-may-2024-04-01,Mercado Abasto,Guineo,Cochabamba,,Primera,A,26.54,chipa,,
2024-04-01,demo-mayorista,demo-may-2024-04-01,Mercado Abasto,Yuca,,,Primera,A,35.57,bolsa,,
2024-04-15,demo-mayorista,demo-may-2024-04-15,Mercado Abasto,Papaya,Santa Cruz,,Primera,A,3.31,kg,,
2024-04-15,demo-mayorista,demo-may-2024-04-15,Mercado Abasto,Piña,Santa Cruz,,Primera,E,9.09,unidad,,
2024-04-15,demo-mayorista,demo-may-2024-04-15,Mercado Abasto,Mandarina,,Ponkan,Primera,A,25.69,ciento,,
2024-04-15,demo-mayorista,demo-may-2024-04-15,Mercado Abasto,Durazno,Argentina,,Primera,E,11.57,kg,,
2024-04-15,demo-mayorista,demo-may-2024-04-15,Mercado Abasto,Guineo,Cochabamba,,Segunda,A,26.08,chipa,,
2024-04-15,demo-mayorista,demo-may-2024-04-15,Mercado Abasto,Tomate,Santa Cruz,,Segunda,N,5.65,kg,,
2024-04-15,demo-mayorista,demo-may-2024-04-15,Mercado Abasto,Yuca,Santa Cruz,,Primera,A,38.39,bolsa,,
2024-04-29,demo-mayorista,demo-may-2024-04-29,Mercado Abasto,Papaya,,,Primera,A,3.48,kg,,
2024-04-29,demo-mayorista,demo-may-2024-04-29,Mercado Abasto,Piña,Santa Cruz,,Primera,E,9.53,unidad,,
2024-04-29,demo-mayorista,demo-may-2024-04-29,Mercado Abasto,Mandarina,Valles Cruceños,,,A,22.07,ciento,,
2024-04-29,demo-mayorista,demo-may-2024-04-29,Mercado Abasto,Naranja,Cochabamba,,,A,37.38,ciento,,
2024-04-29,demo-mayorista,demo-may-2024-04-29,Mercado Abasto,Durazno,Chile,,Primera,E,11.86,kg,,
2024-04-29,demo-mayorista,demo-may-2024-04-29,Mercado Abasto,Frutilla,,,Segunda,E,14.87,kg,,
2024-04-29,demo-mayorista,demo-may-2024-04-29,Mercado Abasto,Banano,Norte Integrado,,Primera,A,24.78,chipa,,
2024-04-29,demo-mayorista,demo-may-2024-04-29,Mercado Abasto,Yuca,Norte Integrado,,Primera,A,35.71,bolsa,,
2024-05-27,demo-mayorista,demo-may-2024-05-27,Mercado Abasto,Papaya,,,,A,3.61,kg,,
2024-05-27,demo-mayorista,demo-may-2024-05-27,Mercado Abasto,Piña,Santa Cruz,,Primera,N,8.88,unidad,,
2024-05-27,demo-mayorista,demo-may-2024-05-27,Mercado Abasto,Mandarina,,Criolla,Primera,A,22.74,ciento,,
2024-05-27,demo-mayorista,demo-may-2024-05-27,Mercado Abasto,Naranja,Cochabamba,Criolla,Primera,A,33.52,ciento,,
2024-05-27,demo-mayorista,demo-may-2024-05-27,Mercado Abasto,Banano,Norte Integrado,,Primera,A,25.55,chipa,,
2024-05-27,demo-mayorista,demo-may-2024-05-27,Mercado Abasto,Tomate,Santa Cruz,,,A,5.03,kg,,
2024-05-27,demo-mayorista,demo-may-2024-05-27,Mercado Abasto,Yuca,Santa Cruz,,Primera,A,36.61,bolsa,,
2024-06-10,demo-mayorista,demo-may-2024-06-10,Mercado Abasto,Papaya,Santa Cruz,,Primera,A,4.24,kg,,
2024-06-10,demo-mayorista,demo-may-2024-06-10,Mercado Abasto,Mandarina,Santa Cruz,,Primera,A,22.04,ciento,,
2024-06-10,demo-mayorista,demo-may-2024-06-10,Mercado Abasto,Naranja,Norte Integrado,,,A,34.20,ciento,,
2024-06-10,demo-mayorista,demo-may-2024-06-10,Mercado Abasto,Guineo,,,Primera,A,25.97,chipa,,
2024-06-10,demo-mayorista,demo-may-2024-06-10,Mercado Abasto,Tomate,,,Primera,A,4.18,kg,,
2024-06-10,demo-mayorista,demo-may-2024-06-10,Mercado Abasto,Yuca,Norte Integrado,,Primera,A,39.79,bolsa,,
2024-06-24,demo-mayorista,demo-may-2024-06-24,Mercado Abasto,Papaya,Norte Integrado,,,A,3.86,kg,,
2024-06-24,demo-mayorista,demo-may-2024-06-24,Mercado Abasto,Mandarina,Santa Cruz,,Primera,A,23.49,ciento,,
2024-06-24,demo-mayorista,demo-may-2024-06-24,Mercado Abasto,Naranja,,Criolla,Primera,A,31.84,ciento,,
2024-06-24,demo-mayorista,demo-may-2024-06-24,Mercado Abasto,Fresa,Comarapa,,Segunda,N,13.12,kg,,
2024-06-24,demo-mayorista,demo-may-2024-06-24,Mercado Abasto,Guineo,Santa Cruz,,Primera,A,25.74,chipa,,
2024-06-24,demo-mayorista,demo-may-2024-06-24,Mercado Abasto,Tomate,Valles Cruceños,,Primera,A,4.16,kg,,
2024-06-24,demo-mayorista,demo-may-2024-06-24,Mercado Abasto,Yuca,Norte Integrado,,Primera,A,39.51,bolsa,,
2024-07-08,demo-mayorista,demo-may-2024-07-08,Mercado Abasto,Mandarina,Santa Cruz,Ponkan,Primera,A,25.80,ciento,,
2024-07-08,demo-mayorista,demo-may-2024-07-08,Mercado Abasto,Naranja,Santa Cruz,,Primera,A,34.07,ciento,,
2024-07-08,demo-mayorista,demo-may-2024-07-08,Mercado Abasto,Durazno,Chile,,Primera,E,11.17,kg,,
2024-07-08,demo-mayorista,demo-may-2024-07-08,Mercado Abasto,Guineo,Norte Integrado,,Primera,A,25.93,chipa,,
2024-07-08,demo-mayorista,demo-may-2024-07-08,Mercado Abasto,Tomate,Cochabamba,,Primera,A,4.28,kg,,
2024-07-08,demo-mayorista,demo-may-2024-07-08,Mercado Abasto,Yuca,Norte Integrado,,,A,43.52,bolsa,,
2024-07-22,demo-mayorista,demo-may-2024-07-22,Mercado Abasto,Papaya,Beni,,Primera,A,4.31,kg,,
2024-07-22,demo-mayorista,demo-may-2024-07-22,Mercado Abasto,Piña,Santa Cruz,,Primera,N,8.64,unidad,,
2024-07-22,demo-mayorista,demo-may-2024-07-22,Mercado Abasto,Mandarina,Valles Cruceños,Ponkan,Primera,A,26.69,ciento,,
2024-07-22,demo-mayorista,demo-may-2024-07-22,Mercado Abasto,Naranja,,Criolla,Primera,A,32.91,ciento,,
2024-07-22,demo-mayorista,demo-may-2024-07-22,Mercado Abasto,Guineo,,,Primera,A,27.78,chipa,,
2024-07-22,demo-mayorista,demo-may-2024-07-22,Mercado Abasto,Tomate,Cochabamba,,,A,4.61,kg,,
2024-07-22,demo-mayorista,demo-may-2024-07-22,Mercado Abasto,Yuca,Norte Integrado,,,A,47.08,bolsa,,
2024-08-05,demo-mayorista,demo-may-2024-08-05,Mercado Abasto,Papaya,Santa Cruz,,Primera,N,4.59,kg,,
2024-08-05,demo-mayorista,demo-may-2024-08-05,Mercado Abasto,Frutilla,,,,A,9.13,kg,,
2024-08-05,demo-mayorista,demo-may-2024-08-05,Mercado Abasto,Guineo,,,,A,29.01,chipa,,
2024-08-05,demo-mayorista,demo-may-2024-08-05,Mercado Abasto,Tomate,Santa Cruz,,Primera,A,4.44,kg,,
2024-08-05,demo-mayorista,demo-may-2024-08-05,Mercado Abasto,Yuca,Santa Cruz,,,N,46.22,bolsa,,
2024-08-19,demo-mayorista,demo-may-2024-08-19,Mercado Abasto,Papaya,Santa Cruz,,Primera,N,5.32,kg,,
2024-08-19,demo-mayorista,demo-may-2024-08-19,Mercado Abasto,Naranja,Cochabamba,Criolla,Primera,A,38.23,ciento,,
2024-08-19,demo-mayorista,demo-may-2024-08-19,Mercado Abasto,Fresa,Comarapa,,Primera,A,9.70,kg,,
2024-08-19,demo-mayorista,demo-may-2024-08-19,Mercado Abasto,Guineo,Norte Integrado,,Segunda,A,28.21,chipa,,
2024-08-19,demo-mayorista,demo-may-2024-08-19,Mercado Abasto,Tomate,Valles Cruceños,,,A,5.07,kg,,
2024-08-19,demo-mayorista,demo-may-2024-08-19,Mercado Abasto,Yuca,Norte Integrado,,Primera,N,53.36,bolsa,,
2024-09-02,demo-mayorista,demo-may-2024-09-02,Mercado Abasto,Papaya,Santa Cruz,,Primera,N,5.31,kg,,
2024-09-02,demo-mayorista,demo-may-2024-09-02,Mercado Abasto,Naranja,Norte Integrado,Criolla,,N,40.68,ciento,,
2024-09-02,demo-mayorista,demo-may-2024-09-02,Mercado Abasto,Frutilla,,,,A,10.37,kg,,
2024-09-02,demo-mayorista,demo-may-2024-09-02,Mercado Abasto,Banano,Cochabamba,,Primera,A,32.02,chipa,,
2024-09-02,demo-mayorista,demo-may-2024-09-02,Mercado Abasto,Tomate,Santa Cruz,,Primera,A,5.16,kg,,
2024-09-16,demo-mayorista,demo-may-2024-09-16,Mercado Abasto,Papaya,Beni,,Primera,N,5.42,kg,,
2024-09-16,demo-mayorista,demo-may-2024-09-16,Mercado Abasto,Piña,Santa Cruz,,Primera,N,7.14,unidad,,
2024-09-16,demo-mayorista,demo-may-2024-09-16,Mercado Abasto,Frutilla,Comarapa,,,A,10.39,kg,,
2024-09-16,demo-mayorista,demo-may-2024-09-16,Mercado Abasto,Guineo,,,Primera,N,30.49,chipa,,
2024-09-16,demo-mayorista,demo-may-2024-09-16,Mercado Abasto,Tomate,Valles Cruceños,,,A,5.09,kg,,
2024-09-16,demo-mayorista,demo-may-2024-09-16,Mercado Abasto,Yuca,Norte Integrado,,,E,54.95,bolsa,,
2024-09-30,demo-mayorista,demo-may-2024-09-30,Mercado Abasto,Piña,Santa Cruz,,Primera,A,6.46,unidad,,
2024-09-30,demo-mayorista,demo-may-2024-09-30,Mercado Abasto,Durazno,Argentina,,,E,12.16,kg,,
2024-09-30,demo-mayorista,demo-may-2024-09-30,Mercado Abasto,Banano,,,Primera,A,31.07,chipa,,
2024-09-30,demo-mayorista,demo-may-2024-09-30,Mercado Abasto,Tomate,Valles Cruceños,,Primera,N,5.40,kg,,
2024-09-30,demo-mayorista,demo-may-2024-09-30,Mercado Abasto,Yuca,,,Primera,N,56.99,bolsa,,
2024-10-14,demo-mayorista,demo-may-2024-10-14,Mercado Abasto,Papaya,,,,N,4.61,kg,,
2024-10-14,demo-mayorista,demo-may-2024-10-14,Mercado Abasto,Durazno,Argentina,,Primera,E,11.06,kg,,
2024-10-14,demo-mayorista,demo-may-2024-10-14,Mercado Abasto,Guineo,Norte Integrado,,Primera,N,34.63,chipa,,
2024-10-14,demo-mayorista,demo-may-2024-10-14,Mercado Abasto,Tomate,Cochabamba,,Primera,N,6.21,kg,,
2024-10-14,demo-mayorista,demo-may-2024-10-14,Mercado Abasto,Yuca,Norte Integrado,,Segunda,E,55.98,bolsa,,
2024-10-28,demo-mayorista,demo-may-2024-10-28,Mercado Abasto,Papaya,Beni,,Primera,A,4.06,kg,,
2024-10-28,demo-mayorista,demo-may-2024-10-28,Mercado Abasto,Piña,Norte Integrado,,,A,5.84,unidad,,
2024-10-28,demo-mayorista,demo-may-2024-10-28,Mercado Abasto,Sandía,Santa Cruz,,Primera,A,12.45,unidad,,
2024-10-28,demo-mayorista,demo-may-2024-10-28,Mercado Abasto,Guineo,Santa Cruz,,Segunda,N,38.87,chipa,,
2024-10-28,demo-mayorista,demo-may-2024-10-28,Mercado Abasto,Tomate,,,Primera,N,6.72,kg,,
2024-10-28,demo-mayorista,demo-may-2024-10-28,Mercado Abasto,Yuca,Norte Integrado,,Primera,E,60.28,bolsa,,
2024-11-11,demo-mayorista,demo-may-2024-11-11,Mercado Abasto,Piña,Beni,,,A,6.22,unidad,,
2024-11-11,demo-mayorista,demo-may-2024-11-11,Mercado Abasto,Sandía,,,Primera,A,12.94,unidad,,
2024-11-11,demo-mayorista,demo-may-2024-11-11,Mercado Abasto,Durazno,,,Segunda,E,9.41,kg,,
2024-11-11,demo-mayorista,demo-may-2024-11-11,Mercado Abasto,Guineo,Norte Integrado,,Primera,N,38.31,chipa,,
2024-11-11,demo-mayorista,demo-may-2024-11-11,Mercado Abasto,Tomate,,,Primera,N,7.38,kg,,
2024-11-11,demo-mayorista,demo-may-2024-11-11,Mercado Abasto,Yuca,Santa Cruz,,Segunda,E,57.24,bolsa,,
2024-11-25,demo-mayorista,demo-may-2024-11-25,Mercado Abasto,Achachairú,Santa Cruz,,Primera,N,57.48,ciento,,
2024-11-25,demo-mayorista,demo-may-2024-11-25,Mercado Abasto,Papaya,Santa Cruz,,Primera,A,3.81,kg,,
2024-11-25,demo-mayorista,demo-may-2024-11-25,Mercado Abasto,Piña,Beni,,Primera,A,5.35,unidad,,
2024-11-25,demo-mayorista,demo-may-2024-11-25,Mercado Abasto,Naranja,Santa Cruz,Valencia,Primera,E,47.84,ciento,,
2024-11-25,demo-mayorista,demo-may-2024-11-25,Mercado Abasto,Sandía,Santa Cruz,,Primera,A,10.72,unidad,,
2024-11-25,demo-mayorista,demo-may-2024-11-25,Mercado Abasto,Durazno,Valles Cruceños,,Primera,N,9.10,kg,,
2024-11-25,demo-mayorista,demo-may-2024-11-25,Mercado Abasto,Guineo,Santa Cruz,,Primera,N,39.51,chipa,,
2024-11-25,demo-mayorista,demo-may-2024-11-25,Mercado Abasto,Tomate,,,,E,7.34,kg,,
2024-11-25,demo-mayorista,demo-may-2024-11-25,Mercado Abasto,Yuca,Norte Integrado,,Primera,N,50.33,bolsa,,
2024-12-09,demo-mayorista,demo-may-2024-12-09,Mercado Abasto,Achachairú,Sta. Cruz,,Primera,A,49.60,ciento,,
2024-12-09,demo-mayorista,demo-may-2024-12-09,Mercado Abasto,Papaya,Norte Integrado,,Primera,A,3.96,kg,,
2024-12-09,demo-mayorista,demo-may-2024-12-09,Mercado Abasto,Piña,,,Primera,A,5.24,unidad,,
2024-12-09,demo-mayorista,demo-may-2024-12-09,Mercado Abasto,Durazno,,,Segunda,A,8.30,kg,,
2024-12-09,demo-mayorista,demo-may-2024-12-09,Mercado Abasto,Tomate,Cochabamba,,Primera,N,6.86,kg,,
2024-12-09,demo-mayorista,demo-may-2024-12-09,Mercado Abasto,Yuca,Norte Integrado,,,N,54.45,bolsa,,
2024-12-23,demo-mayorista,demo-may-2024-12-23,Mercado Abasto,Papaya,Santa Cruz,,Primera,A,3.79,kg,,
2024-12-23,demo-mayorista,demo-may-2024-12-23,Mercado Abasto,Piña,Norte Integrado,,Primera,A,6.01,unidad,,
2024-12-23,demo-mayorista,demo-may-2024-12-23,Mercado Abasto,Naranja,Cochabamba,Criolla,Primera,E,51.74,ciento,,
2024-12-23,demo-mayorista,demo-may-2024-12-23,Mercado Abasto,Sandía,Santa Cruz,,,A,10.97,unidad,,
2024-12-23,demo-mayorista,demo-may-2024-12-23,Mercado Abasto,Durazno,Valles Cruceños,,Segunda,A,7.43,kg,,
2024-12-23,demo-mayorista,demo-may-2024-12-23,Mercado Abasto,Guineo,Santa Cruz,,,A,32.11,chipa,,
2024-12-23,demo-mayorista,demo-may-2024-12-23,Mercado Abasto,Tomate,Cochabamba,,Primera,N,7.45,kg,,
2024-12-23,demo-mayorista,demo-may-2024-12-23,Mercado Abasto,Yuca,Norte Integrado,,Primera,N,45.12,bolsa,,
2025-01-06,demo-mayorista,demo-may-2025-01-06,Mercado Abasto,Achachairú,Norte Integrado,,Primera,A,47.88,ciento,,
2025-01-06,demo-mayorista,demo-may-2025-01-06,Mercado Abasto,Papaya,Santa Cruz,,Primera,A,3.60,kg,,
2025-01-06,demo-mayorista,demo-may-2025-01-06,Mercado Abasto,Piña,Santa Cruz,,,A,6.24,unidad,,
2025-01-06,demo-mayorista,demo-may-2025-01-06,Mercado Abasto,Sandía,Santa Cruz,,Primera,A,11.74,unidad,,
2025-01-06,demo-mayorista,demo-may-2025-01-06,Mercado Abasto,Durazno,Mairana,,Primera,A,7.77,kg,,
2025-01-06,demo-mayorista,demo-may-2025-01-06,Mercado Abasto,Uva,Tarija,,Primera,N,16.59,kg,,
2025-01-06,demo-mayorista,demo-may-2025-01-06,Mercado Abasto,Guineo,Norte Integrado,,,N,29.76,chipa,,
2025-01-06,demo-mayorista,demo-may-2025-01-06,Mercado Abasto,Tomate,Santa Cruz,,Primera,N,7.21,kg,,
2025-01-06,demo-mayorista,demo-may-2025-01-06,Mercado Abasto,Yuca,Santa Cruz,,Primera,A,45.17,bolsa,,
2025-01-20,demo-mayorista,demo-may-2025-01-20,Mercado Abasto,Papaya,Norte Integrado,,,A,3.73,kg,,
2025-01-20,demo-mayorista,demo-may-2025-01-20,Mercado Abasto,Piña,Norte Integrado,,Primera,A,6.01,unidad,,
2025-01-20,demo-mayorista,demo-may-2025-01-20,Mercado Abasto,Durazno,Valles Cruceños,,Segunda,A,7.06,kg,,
2025-01-20,demo-mayorista,demo-may-2025-01-20,Mercado Abasto,Guineo,Santa Cruz,,Primera,A,28.74,chipa,,
2025-01-20,demo-mayorista,demo-may-2025-01-20,Mercado Abasto,Tomate,Cochabamba,,Primera,N,7.58,kg,,
2025-01-20,demo-mayorista,demo-may-2025-01-20,Mercado Abasto,Yuca,Norte Integrado,,Segunda,A,39.44,bolsa,,
2025-02-03,demo-mayorista,demo-may-2025-02-03,Mercado Abasto,Achachairú,,,Segunda,N,55.08,ciento,,
2025-02-03,demo-mayorista,demo-may-2025-02-03,Mercado Abasto,Papaya,Santa Cruz,,Primera,A,3.47,kg,,
2025-02-03,demo-mayorista,demo-may-2025-02-03,Mercado Abasto,Piña,,,,A,6.50,unidad,,
2025-02-03,demo-mayorista,demo-may-2025-02-03,Mercado Abasto,Sandía,Valles Cruceños,,Primera,N,14.03,unidad,,
2025-02-03,demo-mayorista,demo-may-2025-02-03,Mercado Abasto,Durazno,Comarapa,,Primera,A,8.06,kg,,
2025-02-03,demo-mayorista,demo-may-2025-02-03,Mercado Abasto,Uva,Santa Cruz,Moscatel,,A,11.76,kg,,
2025-02-03,demo-mayorista,demo-may-2025-02-03,Mercado Abasto,Guineo,Norte Integrado,,Primera,A,30.48,chipa,,
2025-02-03,demo-mayorista,demo-may-2025-02-03,Mercado Abasto,Yuca,Santa Cruz,,Primera,A,40.89,bolsa,,
2025-02-17,demo-mayorista,demo-may-2025-02-17,Mercado Abasto,Papaya,,,Primera,A,3.29,kg,,
2025-02-17,demo-mayorista,demo-may-2025-02-17,Mercado Abasto,Piña,Santa Cruz,,Segunda,N,6.71,unidad,,
2025-02-17,demo-mayorista,demo-may-2025-02-17,Mercado Abasto,Mandarina,Cochabamba,,,E,37.40,ciento,,
2025-02-17,demo-mayorista,demo-may-2025-02-17,Mercado Abasto,Uva,Tarija,,Segunda,A,11.52,kg,,
2025-02-17,demo-mayorista,demo-may-2025-02-17,Mercado Abasto,Guineo,,,,A,28.34,chipa,,
2025-02-17,demo-mayorista,demo-may-2025-02-17,Mercado Abasto,Tomate,Cochabamba,,Primera,N,7.56,kg,,
2025-02-17,demo-mayorista,demo-may-2025-02-17,Mercado Abasto,Yuca,Norte Integrado,,Primera,A,42.08,bolsa,,
2025-03-17,demo-mayorista,demo-may-2025-03-17,Mercado Abasto,Papaya,Santa Cruz,,Primera,A,3.25,kg,,
2025-03-17,demo-mayorista,demo-may-2025-03-17,Mercado Abasto,Piña,Santa Cruz,,Primera,N,8.70,unidad,,
2025-03-17,demo-mayorista,demo-may-2025-03-17,Mercado Abasto,Uva,Tarija,Moscatel,Primera,N,16.87,kg,,
2025-03-17,demo-mayorista,demo-may-2025-03-17,Mercado Abasto,Guineo,Norte Integrado,,Primera,A,27.43,chipa,,
2025-03-17,demo-mayorista,demo-may-2025-03-17,Mercado Abasto,Tomate,Cochabamba,,Segunda,N,6.16,kg,,
2025-03-17,demo-mayorista,demo-may-2025-03-17,Mercado Abasto,Yuca,Norte Integrado,,Primera,A,35.55,bolsa,,
2025-03-31,demo-mayorista,demo-may-2025-03-31,Mercado Abasto,Piña,Santa Cruz,,Primera,E,8.67,unidad,,
2025-03-31,demo-mayorista,demo-may-2025-03-31,Mercado Abasto,Mandarina,Cbba.,,,N,27.44,ciento,,
2025-03-31,demo-mayorista,demo-may-2025-03-31,Mercado Abasto,Guineo,Norte Integrado,,Primera,A,26.50,chipa,,
2025-03-31,demo-mayorista,demo-may-2025-03-31,Mercado Abasto,Tomate,Cochabamba,,Segunda,A,6.02,kg,,
2025-03-31,demo-mayorista,demo-may-2025-03-31,Mercado Abasto,Yuca,Santa Cruz,,Primera,A,38.40,bolsa,,
2025-04-14,demo-mayorista,demo-may-2025-04-14,Mercado Abasto,Papaya,Santa Cruz,,Segunda,A,3.50,kg,,
2025-04-14,demo-mayorista,demo-may-2025-04-14,Mercado Abasto,Mandarina,Santa Cruz,Criolla,Primera,A,25.07,ciento,,
2025-04-14,demo-mayorista,demo-may-2025-04-14,Mercado Abasto,Banano,Norte Integrado,,,A,24.73,chipa,,
2025-04-14,demo-mayorista,demo-may-2025-04-14,Mercado Abasto,Tomate,,,Primera,A,5.36,kg,,
2025-04-14,demo-mayorista,demo-may-2025-04-14,Mercado Abasto,Yuca,,,Primera,A,38.09,bolsa,,
2025-04-28,demo-mayorista,demo-may-2025-04-28,Mercado Abasto,Papaya,Beni,,,A,3.83,kg,,
2025-04-28,demo-mayorista,demo-may-2025-04-28,Mercado Abasto,Mandarina,Cochabamba,Ponkan,Primera,A,25.06,ciento,,
2025-04-28,demo-mayorista,demo-may-2025-04-28,Mercado Abasto,Naranja,Santa Cruz,Criolla,Primera,A,38.81,ciento,,
2025-04-28,demo-mayorista,demo-may-2025-04-28,Mercado Abasto,Guineo,Cochabamba,,Primera,A,24.85,chipa,,
2025-04-28,demo-mayorista,demo-may-2025-04-28,Mercado Abasto,Tomate,Cochabamba,,,A,5.08,kg,,
2025-04-28,demo-mayorista,demo-may-2025-04-28,Mercado Abasto,Yuca,Norte Integrado,,Primera,A,34.94,bolsa,,
2025-05-26,demo-mayorista,demo-may-2025-05-26,Mercado Abasto,Papaya,Norte Integrado,,Segunda,A,3.82,kg,,
2025-05-26,demo-mayorista,demo-may-2025-05-26,Mercado Abasto,Mandarina,,Ponkan,Segunda,A,21.88,ciento,,
2025-05-26,demo-mayorista,demo-may-2025-05-26,Mercado Abasto,Banano,Norte Integrado,,Primera,A,25.54,chipa,,
2025-05-26,demo-mayorista,demo-may-2025-05-26,Mercado Abasto,Tomate,Valles Cruceños,,Primera,A,4.66,kg,,
2025-05-26,demo-mayorista,demo-may-2025-05-26,Mercado Abasto,Yuca,Norte Integrado,,Primera,A,36.33,bolsa,,
2025-06-09,demo-mayorista,demo-may-2025-06-09,Mercado Abasto,Papaya,Norte Integrado,,Primera,A,4.19,kg,,
2025-06-09,demo-mayorista,demo-may-2025-06-09,Mercado Abasto,Mandarina,Santa Cruz,Criolla,,A,23.38,ciento,,
2025-06-09,demo-mayorista,demo-may-2025-06-09,Mercado Abasto,Naranja,Cochabamba,,,A,33.42,ciento,,
2025-06-09,demo-mayorista,demo-may-2025-06-09,Mercado Abasto,Durazno,,,Primera,E,12.06,kg,,
2025-06-09,demo-mayorista,demo-may-2025-06-09,Mercado Abasto,Guineo,Cochabamba,,Primera,A,25.55,chipa,,
2025-06-09,demo-mayorista,demo-may-2025-06-09,Mercado Abasto,Tomate,Santa Cruz,,Segunda,A,4.30,kg,,
2025-06-09,demo-mayorista,demo-may-2025-06-09,Mercado Abasto,Yuca,,,Primera,A,37.36,bolsa,,
2025-06-23,demo-mayorista,demo-may-2025-06-23,Mercado Abasto,Piña,Santa Cruz,,Primera,E,9.12,unidad,,
2025-06-23,demo-mayorista,demo-may-2025-06-23,Mercado Abasto,Mandarina,,,Primera,A,24.55,ciento,,
2025-06-23,demo-mayorista,demo-may-2025-06-23,Mercado Abasto,Naranja,Cochabamba,,Primera,A,29.91,ciento,,
2025-06-23,demo-mayorista,demo-may-2025-06-23,Mercado Abasto,Banano,,,Primera,A,24.90,chipa,,
2025-06-23,demo-mayorista,demo-may-2025-06-23,Mercado Abasto,Tomate,Cochabamba,,Primera,A,4.74,kg,,
2025-06-23,demo-mayorista,demo-may-2025-06-23,Mercado Abasto,Yuca,,,Primera,A,43.01,bolsa,,
2025-07-07,demo-mayorista,demo-may-2025-07-07,Mercado Abasto,Papaya,Santa Cruz,,,A,4.55,kg,,
2025-07-07,demo-mayorista,demo-may-2025-07-07,Mercado Abasto,Piña,,,Primera,E,8.39,unidad,,
2025-07-07,demo-mayorista,demo-may-2025-07-07,Mercado Abasto,Mandarina,Cochabamba,Criolla,,A,23.62,ciento,,
2025-07-07,demo-mayorista,demo-may-2025-07-07,Mercado Abasto,Naranja,Cochabamba,Valencia,Segunda,A,33.63,ciento,,
2025-07-07,demo-mayorista,demo-may-2025-07-07,Mercado Abasto,Frutilla,Valles Cruceños,,Segunda,A,11.32,kg,,
2025-07-07,demo-mayorista,demo-may-2025-07-07,Mercado Abasto,Guineo,Norte Integrado,,,A,26.38,chipa,,
2025-07-07,demo-mayorista,demo-may-2025-07-07,Mercado Abasto,Tomate,,,,A,4.63,kg,,
2025-07-21,demo-mayorista,demo-may-2025-07-21,Mercado Abasto,Papaya,Norte Integrado,,Primera,A,4.96,kg,,
2025-07-21,demo-mayorista,demo-may-2025-07-21,Mercado Abasto,Mandarina,Santa Cruz,Criolla,Segunda,A,26.72,ciento,,
2025-07-21,demo-mayorista,demo-may-2025-07-21,Mercado Abasto,Naranja,Santa Cruz,Criolla,Primera,A,33.14,ciento,,
2025-07-21,demo-mayorista,demo-may-2025-07-21,Mercado Abasto,Durazno,Argentina,,Primera,E,12.58,kg,,
2025-07-21,demo-mayorista,demo-may-2025-07-21,Mercado Abasto,Guineo,,,,A,27.19,chipa,,
2025-07-21,demo-mayorista,demo-may-2025-07-21,Mercado Abasto,Tomate,Santa Cruz,,Primera,A,4.49,kg,,
2025-07-21,demo-mayorista,demo-may-2025-07-21,Mercado Abasto,Yuca,Santa Cruz,,Primera,N,45.87,bolsa,,
2025-08-04,demo-mayorista,demo-may-2025-08-04,Mercado Abasto,Papaya,Norte Integrado,,Primera,N,4.50,kg,,
2025-08-04,demo-mayorista,demo-may-2025-08-04,Mercado Abasto,Piña,Santa Cruz,,Primera,E,9.31,unidad,,
2025-08-04,demo-mayorista,demo-may-2025-08-04,Mercado Abasto,Mandarina,Valles Cruceños,Ponkan,Primera,N,31.68,ciento,,
2025-08-04,demo-mayorista,demo-may-2025-08-04,Mercado Abasto,Naranja,,Criolla,,A,35.69,ciento,,
2025-08-04,demo-mayorista,demo-may-2025-08-04,Mercado Abasto,Frutilla,Cochabamba,,,A,9.92,kg,,
2025-08-04,demo-mayorista,demo-may-2025-08-04,Mercado Abasto,Guineo,Santa Cruz,,Segunda,A,29.01,chipa,,
2025-08-04,demo-mayorista,demo-may-2025-08-04,Mercado Abasto,Tomate,Valles Cruceños,,Primera,A,4.44,kg,,
2025-08-04,demo-mayorista,demo-may-2025-08-04,Mercado Abasto,Yuca,,,,A,48.45,bolsa,,
2025-09-15,demo-mayorista,demo-may-2025-09-15,Mercado Abasto,Papaya,Norte Integrado,,Segunda,N,5.05,kg,,
2025-09-15,demo-mayorista,demo-may-2025-09-15,Mercado Abasto,Piña,Beni,,Primera,N,7.58,unidad,,
2025-09-15,demo-mayorista,demo-may-2025-09-15,Mercado Abasto,Guineo,,,Primera,A,29.17,chipa,,
2025-09-15,demo-mayorista,demo-may-2025-09-15,Mercado Abasto,Tomate,Cochabamba,,Primera,A,5.48,kg,,
2025-09-15,demo-mayorista,demo-may-2025-09-15,Mercado Abasto,Yuca,Norte Integrado,,,N,60.23,bolsa,,
2025-09-29,demo-mayorista,demo-may-2025-09-29,Mercado Abasto,Piña,Santa Cruz,,,N,6.51,unidad,,
2025-09-29,demo-mayorista,demo-may-2025-09-29,Mercado Abasto,Guineo,,,Primera,N,33.81,chipa,,
2025-09-29,demo-mayorista,demo-may-2025-09-29,Mercado Abasto,Tomate,Cochabamba,,Primera,N,6.04,kg,,
2025-09-29,demo-mayorista,demo-may-2025-09-29,Mercado Abasto,Yuca,Santa Cruz,,,N,61.29,bolsa,,
2025-10-27,demo-mayorista,demo-may-2025-10-27,Mercado Abasto,Papaya,Beni,,Primera,A,4.39,kg,,
2025-10-27,demo-mayorista,demo-may-2025-10-27,Mercado Abasto,Piña,Beni,,,A,5.67,unidad,,
2025-10-27,demo-mayorista,demo-may-2025-10-27,Mercado Abasto,Sandía,,,Primera,A,12.60,unidad,,
2025-10-27,demo-mayorista,demo-may-2025-10-27,Mercado Abasto,Tomate,Cochabamba,,,N,6.53,kg,,
2025-10-27,demo-mayorista,demo-may-2025-10-27,Mercado Abasto,Yuca,Santa Cruz,,Primera,N,60.93,bolsa,,
2025-11-10,demo-mayorista,demo-may-2025-11-10,Mercado Abasto,Achacha,Santa Cruz,,Segunda,E,68.50,ciento,,
2025-11-10,demo-mayorista,demo-may-2025-11-10,Mercado Abasto,Papaya,Santa Cruz,,,A,3.95,kg,,
2025-11-10,demo-mayorista,demo-may-2025-11-10,Mercado Abasto,Piña,Santa Cruz,,Primera,A,6.23,unidad,,
2025-11-10,demo-mayorista,demo-may-2025-11-10,Mercado Abasto,Sandía,,,Segunda,A,11.64,unidad,,
2025-11-10,demo-mayorista,demo-may-2025-11-10,Mercado Abasto,Tomate,Cochabamba,,Primera,E,7.04,kg,,
2025-11-10,demo-mayorista,demo-may-2025-11-10,Mercado Abasto,Yuca,Santa Cruz,,Primera,N,60.74,bolsa,,
2025-11-24,demo-mayorista,demo-may-2025-11-24,Mercado Abasto,Achachairú,,,,A,55.60,ciento,,
2025-11-24,demo-mayorista,demo-may-2025-11-24,Mercado Abasto,Papaya,Santa Cruz,,Primera,A,3.81,kg,,
2025-11-24,demo-mayorista,demo-may-2025-11-24,Mercado Abasto,Piña,Norte Integrado,,Primera,A,6.04,unidad,,
2025-11-24,demo-mayorista,demo-may-2025-11-24,Mercado Abasto,Sandía,Valles Cruceños,,Primera,A,10.73,unidad,,
2025-11-24,demo-mayorista,demo-may-2025-11-24,Mercado Abasto,Durazno,Valles Cruceños,,Primera,N,8.76,kg,,
2025-11-24,demo-mayorista,demo-may-2025-11-24,Mercado Abasto,Frutilla,Valles Cruceños,,Segunda,E,15.32,kg,,
2025-11-24,demo-mayorista,demo-may-2025-11-24,Mercado Abasto,Guineo,Norte Integrado,,Primera,N,35.14,chipa,,
2025-11-24,demo-mayorista,demo-may-2025-11-24,Mercado Abasto,Tomate,Cochabamba,,Primera,E,7.67,kg,,
2025-12-08,demo-mayorista,demo-may-2025-12-08,Mercado Abasto,Papaya,Norte Integrado,,,A,3.61,kg,,
2025-12-08,demo-mayorista,demo-may-2025-12-08,Mercado Abasto,Piña,Santa Cruz,,Primera,A,5.19,unidad,,
2025-12-08,demo-mayorista,demo-may-2025-12-08,Mercado Abasto,Naranja,Cochabamba,Valencia,Primera,E,50.97,ciento,,
2025-12-08,demo-mayorista,demo-may-2025-12-08,Mercado Abasto,Sandía,Valles Cruceños,,Primera,A,12.09,unidad,,
2025-12-08,demo-mayorista,demo-may-2025-12-08,Mercado Abasto,Durazno,Valles Cruceños,,,A,7.29,kg,,
2025-12-08,demo-mayorista,demo-may-2025-12-08,Mercado Abasto,Guineo,Norte Integrado,,,N,32.32,chipa,,
2025-12-08,demo-mayorista,demo-may-2025-12-08,Mercado Abasto,Tomate,Santa Cruz,,Primera,N,7.56,kg,,
2025-12-08,demo-mayorista,demo-may-2025-12-08,Mercado Abasto,Yuca,Norte Integrado,,,N,47.37,bolsa,,
2025-12-22,demo-mayorista,demo-may-2025-12-22,Mercado Abasto,Achachairú,Sta. Cruz,,Primera,A,44.21,ciento,,
2025-12-22,demo-mayorista,demo-may-2025-12-22,Mercado Abasto,Papaya,Norte Integrado,,Primera,A,3.93,kg,,
2025-12-22,demo-mayorista,demo-may-2025-12-22,Mercado Abasto,Piña,Norte Integrado,,Segunda,A,5.33,unidad,,
2025-12-22,demo-mayorista,demo-may-2025-12-22,Mercado Abasto,Sandía,,,Primera,A,10.93,unidad,,
2025-12-22,demo-mayorista,demo-may-2025-12-22,Mercado Abasto,Durazno,Valles Cruceños,,Primera,A,7.79,kg,,
2025-12-22,demo-mayorista,demo-may-2025-12-22,Mercado Abasto,Frutilla,Comarapa,,Primera,E,16.44,kg,,
2025-12-22,demo-mayorista,demo-may-2025-12-22,Mercado Abasto,Banano,Santa Cruz,,Primera,N,34.39,chipa,,
2025-12-22,demo-mayorista,demo-may-2025-12-22,Mercado Abasto,Tomate,Santa Cruz,,Primera,N,6.93,kg,,
2025-12-22,demo-mayorista,demo-may-2025-12-22,Mercado Abasto,Yuca,Santa Cruz,,Primera,N,49.45,bolsa,,
2026-01-05,demo-mayorista,demo-may-2026-01-05,Mercado Abasto,Achachairú,Norte Integrado,,,A,47.40,ciento,,
2026-01-05,demo-mayorista,demo-may-2026-01-05,Mercado Abasto,Papaya,Norte Integrado,,Primera,A,3.76,kg,,
2026-01-05,demo-mayorista,demo-may-2026-01-05,Mercado Abasto,Piña,Beni,,Segunda,A,5.55,unidad,,
2026-01-05,demo-mayorista,demo-may-2026-01-05,Mercado Abasto,Sandía,,,Primera,A,11.87,unidad,,
2026-01-05,demo-mayorista,demo-may-2026-01-05,Mercado Abasto,Durazno,Valles Cruceños,,Primera,A,7.15,kg,,
2026-01-05,demo-mayorista,demo-may-2026-01-05,Mercado Abasto,Banano,Santa Cruz,,Segunda,A,29.96,chipa,,
2026-01-05,demo-mayorista,demo-may-2026-01-05,Mercado Abasto,Tomate,Cochabamba,,Primera,N,7.53,kg,,
2026-01-05,demo-mayorista,demo-may-2026-01-05,Mercado Abasto,Yuca,Santa Cruz,,Primera,A,45.05,bolsa,,
2026-01-19,demo-mayorista,demo-may-2026-01-19,Mercado Abasto,Achacha,Norte Integrado,,Primera,A,45.10,ciento,,
2026-01-19,demo-mayorista,demo-may-2026-01-19,Mercado Abasto,Papaya,Santa Cruz,,,A,3.54,kg,,
2026-01-19,demo-mayorista,demo-may-2026-01-19,Mercado Abasto,Piña,Santa Cruz,,Primera,A,6.13,unidad,,
2026-01-19,demo-mayorista,demo-may-2026-01-19,Mercado Abasto,Naranja,Norte Integrado,Valencia,Primera,E,52.81,ciento,,
2026-01-19,demo-mayorista,demo-may-2026-01-19,Mercado Abasto,Durazno,Valles Cruceños,,Primera,A,7.69,kg,,
2026-01-19,demo-mayorista,demo-may-2026-01-19,Mercado Abasto,Banano,,,Segunda,A,30.61,chipa,,
2026-01-19,demo-mayorista,demo-may-2026-01-19,Mercado Abasto,Tomate,Santa Cruz,,Primera,N,7.66,kg,,
2026-01-19,demo-mayorista,demo-may-2026-01-19,Mercado Abasto,Yuca,Santa Cruz,,Primera,A,41.98,bolsa,,
2026-02-02,demo-mayorista,demo-may-2026-02-02,Mercado Abasto,Achachairú,Norte Integrado,,,N,52.05,ciento,,
2026-02-02,demo-mayorista,demo-may-2026-02-02,Mercado Abasto,Papaya,Norte Integrado,,Primera,A,3.65,kg,,
2026-02-02,demo-mayorista,demo-may-2026-02-02,Mercado Abasto,Piña,Norte Integrado,,Primera,A,6.44,unidad,,
2026-02-02,demo-mayorista,demo-may-2026-02-02,Mercado Abasto,Sandía,,,Primera,N,14.16,unidad,,
2026-02-02,demo-mayorista,demo-may-2026-02-02,Mercado Abasto,Durazno,,,Primera,A,7.98,kg,,
2026-02-02,demo-mayorista,demo-may-2026-02-02,Mercado Abasto,Guineo,Santa Cruz,,Primera,A,26.61,chipa,,
2026-02-02,demo-mayorista,demo-may-2026-02-02,Mercado Abasto,Tomate,Cochabamba,,Segunda,N,7.54,kg,,
2026-02-02,demo-mayorista,demo-may-2026-02-02,Mercado Abasto,Yuca,Santa Cruz,,Primera,A,41.24,bolsa,,
2026-02-16,demo-mayorista,demo-may-2026-02-16,Mercado Abasto,Papaya,,,Primera,A,3.56,kg,,
2026-02-16,demo-mayorista,demo-may-2026-02-16,Mercado Abasto,Piña,Beni,,Segunda,A,6.61,unidad,,
2026-02-16,demo-mayorista,demo-may-2026-02-16,Mercado Abasto,Durazno,,,,N,8.37,kg,,
2026-02-16,demo-mayorista,demo-may-2026-02-16,Mercado Abasto,Banano,,,Primera,A,25.99,chipa,,
2026-02-16,demo-mayorista,demo-may-2026-02-16,Mercado Abasto,Tomate,Santa Cruz,,Primera,N,6.61,kg,,
2026-02-16,demo-mayorista,demo-may-2026-02-16,Mercado Abasto,Yuca,,,Primera,A,35.95,bolsa,,
2026-03-16,demo-mayorista,demo-may-2026-03-16,Mercado Abasto,Papaya,Beni,,Primera,A,3.12,kg,,
2026-03-16,demo-mayorista,demo-may-2026-03-16,Mercado Abasto,Piña,Santa Cruz,,Segunda,N,8.63,unidad,,
2026-03-16,demo-mayorista,demo-may-2026-03-16,Mercado Abasto,Fresa,Valles Cruceños,,Primera,E,16.77,kg,,
2026-03-16,demo-mayorista,demo-may-2026-03-16,Mercado Abasto,Guineo,,,Primera,A,25.77,chipa,,
2026-03-16,demo-mayorista,demo-may-2026-03-16,Mercado Abasto,Tomate,,,Primera,N,6.17,kg,,
2026-03-16,demo-mayorista,demo-may-2026-03-16,Mercado Abasto,Yuca,Santa Cruz,,Segunda,A,39.04,bolsa,,
2026-03-30,demo-mayorista,demo-may-2026-03-30,Mercado Abasto,Papaya,Beni,,Primera,A,3.42,kg,,
2026-03-30,demo-mayorista,demo-may-2026-03-30,Mercado Abasto,Piña,,,Primera,E,9.28,unidad,,
2026-03-30,demo-mayorista,demo-may-2026-03-30,Mercado Abasto,Mandarina,Valles Cruceños,,Segunda,N,25.45,ciento,,
2026-03-30,demo-mayorista,demo-may-2026-03-30,Mercado Abasto,Naranja,,Valencia,Primera,N,40.50,ciento,,
2026-03-30,demo-mayorista,demo-may-2026-03-30,Mercado Abasto,Guineo,Norte Integrado,,,A,26.59,chipa,,
2026-03-30,demo-mayorista,demo-may-2026-03-30,Mercado Abasto,Tomate,Santa Cruz,,Segunda,N,6.28,kg,,
2026-03-30,demo-mayorista,demo-may-2026-03-30,Mercado Abasto,Yuca,Santa Cruz,,Primera,A,35.98,bolsa,,
2026-04-27,demo-mayorista,demo-may-2026-04-27,Mercado Abasto,Papaya,Santa Cruz,,Primera,A,3.32,kg,,
2026-04-27,demo-mayorista,demo-may-2026-04-27,Mercado Abasto,Piña,Santa Cruz,,,N,9.28,unidad,,
2026-04-27,demo-mayorista,demo-may-2026-04-27,Mercado Abasto,Mandarina,,,Primera,A,22.25,ciento,,
2026-04-27,demo-mayorista,demo-may-2026-04-27,Mercado Abasto,Naranja,Cochabamba,,,A,33.65,ciento,,
2026-04-27,demo-mayorista,demo-may-2026-04-27,Mercado Abasto,Guineo,Norte Integrado,,Primera,A,25.75,chipa,,
2026-04-27,demo-mayorista,demo-may-2026-04-27,Mercado Abasto,Tomate,Cochabamba,,Primera,A,5.00,kg,,
2026-04-27,demo-mayorista,demo-may-2026-04-27,Mercado Abasto,Yuca,Santa Cruz,,Primera,A,34.85,bolsa,,
2026-05-11,demo-mayorista,demo-may-2026-05-11,Mercado Abasto,Papaya,,,Segunda,A,3.54,kg,,
2026-05-11,demo-mayorista,demo-may-2026-05-11,Mercado Abasto,Piña,Santa Cruz,,Primera,N,8.54,unidad,,
2026-05-11,demo-mayorista,demo-may-2026-05-11,Mercado Abasto,Mandarina,Santa Cruz,Ponkan,,A,21.58,ciento,,
2026-05-11,demo-mayorista,demo-may-2026-05-11,Mercado Abasto,Naranja,Santa Cruz,Criolla,,A,32.72,ciento,,
2026-05-11,demo-mayorista,demo-may-2026-05-11,Mercado Abasto,Durazno,Argentina,,Primera,E,11.81,kg,,
2026-05-11,demo-mayorista,demo-may-2026-05-11,Mercado Abasto,Banano,Cochabamba,,Segunda,A,22.45,chipa,,
2026-05-11,demo-mayorista,demo-may-2026-05-11,Mercado Abasto,Tomate,Valles Cruceños,,,A,4.65,kg,,
2026-05-11,demo-mayorista,demo-may-2026-05-11,Mercado Abasto,Yuca,Norte Integrado,,,A,35.20,bolsa,,
2026-05-25,demo-mayorista,demo-may-2026-05-25,Mercado Abasto,Papaya,Norte Integrado,,Primera,A,3.93,kg,,
2026-05-25,demo-mayorista,demo-may-2026-05-25,Mercado Abasto,Mandarina,Valles Cruceños,Criolla,Primera,A,23.64,ciento,,
2026-05-25,demo-mayorista,demo-may-2026-05-25,Mercado Abasto,Naranja,Cochabamba,Criolla,Primera,A,32.98,ciento,,
2026-05-25,demo-mayorista,demo-may-2026-05-25,Mercado Abasto,Banano,,,,A,22.76,chipa,,
2026-05-25,demo-mayorista,demo-may-2026-05-25,Mercado Abasto,Tomate,Cochabamba,,Segunda,A,5.07,kg,,
2026-05-25,demo-mayorista,demo-may-2026-05-25,Mercado Abasto,Yuca,Norte Integrado,,,A,39.34,bolsa,,
2026-06-08,demo-mayorista,demo-may-2026-06-08,Mercado Abasto,Papaya,Norte Integrado,,Primera,A,3.77,kg,,
2026-06-08,demo-mayorista,demo-may-2026-06-08,Mercado Abasto,Piña,Santa Cruz,,,E,9.32,unidad,,
2026-06-08,demo-mayorista,demo-may-2026-06-08,Mercado Abasto,Mandarina,,Criolla,,A,22.95,ciento,,
2026-06-08,demo-mayorista,demo-may-2026-06-08,Mercado Abasto,Naranja,Norte Integrado,Criolla,Primera,A,34.58,ciento,,
2026-06-08,demo-mayorista,demo-may-2026-06-08,Mercado Abasto,Guineo,Cochabamba,,Primera,A,26.09,chipa,,
2026-06-08,demo-mayorista,demo-may-2026-06-08,Mercado Abasto,Tomate,,,Primera,A,4.28,kg,,
2026-06-08,demo-mayorista,demo-may-2026-06-08,Mercado Abasto,Yuca,Santa Cruz,,Primera,A,37.83,bolsa,,
2026-07-06,demo-mayorista,demo-may-2026-07-06,Mercado Abasto,Papaya,,,,A,4.58,kg,,
2026-07-06,demo-mayorista,demo-may-2026-07-06,Mercado Abasto,Piña,Santa Cruz,,,N,9.31,unidad,,
2026-07-06,demo-mayorista,demo-may-2026-07-06,Mercado Abasto,Mandarina,,Ponkan,Primera,A,24.38,ciento,,
2026-07-06,demo-mayorista,demo-may-2026-07-06,Mercado Abasto,Naranja,Santa Cruz,Valencia,Primera,A,34.05,ciento,,
2026-07-06,demo-mayorista,demo-may-2026-07-06,Mercado Abasto,Sandía,Santa Cruz,,Primera,E,17.49,unidad,,
2026-07-06,demo-mayorista,demo-may-2026-07-06,Mercado Abasto,Frutilla,,,Primera,A,10.85,kg,,
2026-07-06,demo-mayorista,demo-may-2026-07-06,Mercado Abasto,Guineo,Cochabamba,,Primera,A,26.95,chipa,,
2026-07-06,demo-mayorista,demo-may-2026-07-06,Mercado Abasto,Tomate,Valles Cruceños,,Segunda,A,4.48,kg,,
2026-07-06,demo-mayorista,demo-may-2026-07-06,Mercado Abasto,Yuca,,,,A,42.71,bolsa,,
2026-07-20,demo-mayorista,demo-may-2026-07-20,Mercado Abasto,Papaya,Santa Cruz,,Primera,N,4.90,kg,,
2026-07-20,demo-mayorista,demo-may-2026-07-20,Mercado Abasto,Naranja,Santa Cruz,Criolla,Primera,A,34.51,ciento,,
2026-07-20,demo-mayorista,demo-may-2026-07-20,Mercado Abasto,Guineo,Cochabamba,,Primera,A,25.28,chipa,,
2026-07-20,demo-mayorista,demo-may-2026-07-20,Mercado Abasto,Tomate,Valles Cruceños,,Primera,A,4.65,kg,,
2026-07-20,demo-mayorista,demo-may-2026-07-20,Mercado Abasto,Yuca,Santa Cruz,,Segunda,N,44.11,bolsa,,
2026-08-03,demo-mayorista,demo-may-2026-08-03,Mercado Abasto,Papaya,Santa Cruz,,Primera,N,5.06,kg,,
2026-08-03,demo-mayorista,demo-may-2026-08-03,Mercado Abasto,Piña,Beni,,Primera,N,9.67,unidad,,
2026-08-03,demo-mayorista,demo-may-2026-08-03,Mercado Abasto,Naranja,Cochabamba,Valencia,Segunda,A,33.74,ciento,,
2026-08-03,demo-mayorista,demo-may-2026-08-03,Mercado Abasto,Fresa,Comarapa,,Primera,A,10.40,kg,,
2026-08-03,demo-mayorista,demo-may-2026-08-03,Mercado Abasto,Guineo,Santa Cruz,,Primera,A,27.20,chipa,,
2026-08-03,demo-mayorista,demo-may-2026-08-03,Mercado Abasto,Tomate,Valles Cruceños,,Primera,A,4.61,kg,,
2026-08-03,demo-mayorista,demo-may-2026-08-03,Mercado Abasto,Yuca,,,,A,48.00,bolsa,,
2026-08-17,demo-mayorista,demo-may-2026-08-17,Mercado Abasto,Papaya,Norte Integrado,,,N,5.41,kg,,
2026-08-17,demo-mayorista,demo-may-2026-08-17,Mercado Abasto,Piña,,,Segunda,E,8.79,unidad,,
2026-08-17,demo-mayorista,demo-may-2026-08-17,Mercado Abasto,Naranja,,Criolla,Segunda,N,38.40,ciento,,
2026-08-17,demo-mayorista,demo-may-2026-08-17,Mercado Abasto,Guineo,Cochabamba,,,A,27.67,chipa,,
2026-08-17,demo-mayorista,demo-may-2026-08-17,Mercado Abasto,Tomate,Valles Cruceños,,Primera,A,4.45,kg,,
2026-08-17,demo-mayorista,demo-may-2026-08-17,Mercado Abasto,Yuca,,,,N,53.53,bolsa,,
2026-08-31,demo-mayorista,demo-may-2026-08-31,Mercado Abasto,Papaya,Norte Integrado,,,N,5.50,kg,,
2026-08-31,demo-mayorista,demo-may-2026-08-31,Mercado Abasto,Piña,Santa Cruz,,Primera,N,8.34,unidad,,
2026-08-31,demo-mayorista,demo-may-2026-08-31,Mercado Abasto,Naranja,Santa Cruz,Criolla,,A,38.84,ciento,,
2026-08-31,demo-mayorista,demo-may-2026-08-31,Mercado Abasto,Fresa,Valles Cruceños,,Primera,A,10.02,kg,,
2026-08-31,demo-mayorista,demo-may-2026-08-31,Mercado Abasto,Banano,Cochabamba,,,A,27.64,chipa,,
2026-08-31,demo-mayorista,demo-may-2026-08-31,Mercado Abasto,Tomate,Santa Cruz,,Primera,A,5.20,kg,,
2026-08-31,demo-mayorista,demo-may-2026-08-31,Mercado Abasto,Yuca,Norte Integrado,,Primera,N,58.83,bolsa,,
2023-01-09,demo-minorista,demo-min-2023-01-09,Mercado Los Pozos,Achacha,Norte Integrado,,,Abundante,,,0.88,unidad
2023-01-09,demo-minorista,demo-min-2023-01-09,Mercado Los Pozos,Papaya,Santa Cruz,,,Abundante,,,5.51,kg
2023-01-09,demo-minorista,demo-min-2023-01-09,Mercado Los Pozos,Piña,,,,Abundante,,,10.22,unidad
2023-01-09,demo-minorista,demo-min-2023-01-09,Mercado Los Pozos,Sandía,Santa Cruz,,,Abundante,,,18.42,unidad
2023-01-09,demo-minorista,demo-min-2023-01-09,Mercado Los Pozos,Durazno,,,,Abundante,,,11.71,kg
2023-01-09,demo-minorista,demo-min-2023-01-09,Mercado Los Pozos,Guineo,Cochabamba,,,Abundante,,,8.77,docena
2023-01-09,demo-minorista,demo-min-2023-01-09,Mercado Los Pozos,Tomate,Cochabamba,,,Normal,,,11.67,kg
2023-02-06,demo-minorista,demo-min-2023-02-06,Mercado Los Pozos,Papaya,Beni,,,Abundante,,,5.42,kg
2023-02-06,demo-minorista,demo-min-2023-02-06,Mercado Los Pozos,Piña,Norte Integrado,,,Abundante,,,11.27,unidad
2023-02-06,demo-minorista,demo-min-2023-02-06,Mercado Los Pozos,Durazno,Mairana,,,Abundante,,,12.35,kg
2023-02-06,demo-minorista,demo-min-2023-02-06,Mercado Los Pozos,Guineo,,,,Abundante,,,6.98,docena
2023-02-06,demo-minorista,demo-min-2023-02-06,Mercado Los Pozos,Tomate,Cochabamba,,,Normal,,,11.11,kg
2023-02-06,demo-minorista,demo-min-2023-02-06,Mercado Los Pozos,Yuca,Santa Cruz,,,Abundante,,,16.40,arroba
2023-03-06,demo-minorista,demo-min-2023-03-06,Mercado Los Pozos,Papaya,Norte Integrado,,,Abundante,,,5.79,kg
2023-03-06,demo-minorista,demo-min-2023-03-06,Mercado Los Pozos,Piña,Santa Cruz,,,Normal,,,12.33,unidad
2023-03-06,demo-minorista,demo-min-2023-03-06,Mercado Los Pozos,Guineo,Santa Cruz,,,Abundante,,,6.74,docena
2023-03-06,demo-minorista,demo-min-2023-03-06,Mercado Los Pozos,Tomate,Santa Cruz,,,Normal,,,11.90,kg
2023-03-06,demo-minorista,demo-min-2023-03-06,Mercado Los Pozos,Yuca,Norte Integrado,,,Abundante,,,15.92,arroba
2023-04-03,demo-minorista,demo-min-2023-04-03,Mercado Los Pozos,Papaya,Santa Cruz,,,Abundante,,,5.82,kg
2023-04-03,demo-minorista,demo-min-2023-04-03,Mercado Los Pozos,Piña,Santa Cruz,,,Escasa,,,15.27,unidad
2023-04-03,demo-minorista,demo-min-2023-04-03,Mercado Los Pozos,Mandarina,,Criolla,,Abundante,,,0.48,unidad
2023-04-03,demo-minorista,demo-min-2023-04-03,Mercado Los Pozos,Naranja,Cochabamba,Criolla,,Normal,,,0.73,unidad
2023-04-03,demo-minorista,demo-min-2023-04-03,Mercado Los Pozos,Guineo,Norte Integrado,,,Abundante,,,6.53,docena
2023-04-03,demo-minorista,demo-min-2023-04-03,Mercado Los Pozos,Tomate,Santa Cruz,,,Abundante,,,10.19,kg
2023-04-03,demo-minorista,demo-min-2023-04-03,Mercado Los Pozos,Yuca,Santa Cruz,,,Abundante,,,15.59,arroba
2023-05-01,demo-minorista,demo-min-2023-05-01,Mercado Los Pozos,Papaya,Norte Integrado,,,Abundante,,,6.30,kg
2023-05-01,demo-minorista,demo-min-2023-05-01,Mercado Los Pozos,Naranja,,Criolla,,Abundante,,,0.60,unidad
2023-05-01,demo-minorista,demo-min-2023-05-01,Mercado Los Pozos,Guineo,Norte Integrado,,,Abundante,,,6.29,docena
2023-05-01,demo-minorista,demo-min-2023-05-01,Mercado Los Pozos,Yuca,Santa Cruz,,,Abundante,,,15.02,arroba
2023-05-29,demo-minorista,demo-min-2023-05-29,Mercado Los Pozos,Papaya,Norte Integrado,,,Abundante,,,6.03,kg
2023-05-29,demo-minorista,demo-min-2023-05-29,Mercado Los Pozos,Mandarina,Valles Cruceños,Criolla,,Abundante,,,0.41,unidad
2023-05-29,demo-minorista,demo-min-2023-05-29,Mercado Los Pozos,Naranja,,Valencia,,Abundante,,,0.62,unidad
2023-05-29,demo-minorista,demo-min-2023-05-29,Mercado Los Pozos,Fresa,Comarapa,,,Escasa,,,26.25,kg
2023-05-29,demo-minorista,demo-min-2023-05-29,Mercado Los Pozos,Banano,,,,Abundante,,,6.15,docena
2023-05-29,demo-minorista,demo-min-2023-05-29,Mercado Los Pozos,Tomate,Cochabamba,,,Abundante,,,7.80,kg
2023-05-29,demo-minorista,demo-min-2023-05-29,Mercado Los Pozos,Yuca,,,,Abundante,,,14.41,arroba
2023-06-26,demo-minorista,demo-min-2023-06-26,Mercado Los Pozos,Papaya,Santa Cruz,,,Abundante,,,6.81,kg
2023-06-26,demo-minorista,demo-min-2023-06-26,Mercado Los Pozos,Piña,Santa Cruz,,,Normal,,,16.36,unidad
2023-06-26,demo-minorista,demo-min-2023-06-26,Mercado Los Pozos,Mandarina,Cochabamba,Criolla,,Abundante,,,0.42,unidad
2023-06-26,demo-minorista,demo-min-2023-06-26,Mercado Los Pozos,Naranja,Norte Integrado,,,Abundante,,,0.57,unidad
2023-06-26,demo-minorista,demo-min-2023-06-26,Mercado Los Pozos,Banano,,,,Abundante,,,6.28,docena
2023-06-26,demo-minorista,demo-min-2023-06-26,Mercado Los Pozos,Tomate,Valles Cruceños,,,Abundante,,,6.89,kg
2023-06-26,demo-minorista,demo-min-2023-06-26,Mercado Los Pozos,Yuca,Santa Cruz,,,Abundante,,,15.90,arroba
2023-07-24,demo-minorista,demo-min-2023-07-24,Mercado Los Pozos,Papaya,,,,Normal,,,7.55,kg
2023-07-24,demo-minorista,demo-min-2023-07-24,Mercado Los Pozos,Naranja,,,,Abundante,,,0.62,unidad
2023-07-24,demo-minorista,demo-min-2023-07-24,Mercado Los Pozos,Frutilla,Comarapa,,,Abundante,,,17.21,kg
2023-07-24,demo-minorista,demo-min-2023-07-24,Mercado Los Pozos,Guineo,,,,Abundante,,,7.20,docena
2023-07-24,demo-minorista,demo-min-2023-07-24,Mercado Los Pozos,Tomate,Santa Cruz,,,Abundante,,,6.74,kg
2023-07-24,demo-minorista,demo-min-2023-07-24,Mercado Los Pozos,Yuca,Norte Integrado,,,Normal,,,19.29,arroba
2023-08-21,demo-minorista,demo-min-2023-08-21,Mercado Los Pozos,Papaya,Santa Cruz,,,Normal,,,8.48,kg
2023-08-21,demo-minorista,demo-min-2023-08-21,Mercado Los Pozos,Piña,,,,Escasa,,,16.70,unidad
2023-08-21,demo-minorista,demo-min-2023-08-21,Mercado Los Pozos,Mandarina,Santa Cruz,Ponkan,,Escasa,,,0.58,unidad
2023-08-21,demo-minorista,demo-min-2023-08-21,Mercado Los Pozos,Frutilla,Comarapa,,,Abundante,,,16.55,kg
2023-08-21,demo-minorista,demo-min-2023-08-21,Mercado Los Pozos,Tomate,Valles Cruceños,,,Abundante,,,7.97,kg
2023-08-21,demo-minorista,demo-min-2023-08-21,Mercado Los Pozos,Yuca,,,,Normal,,,19.03,arroba
2023-09-18,demo-minorista,demo-min-2023-09-18,Mercado Los Pozos,Papaya,Santa Cruz,,,Normal,,,8.79,kg
2023-09-18,demo-minorista,demo-min-2023-09-18,Mercado Los Pozos,Piña,Norte Integrado,,,Normal,,,12.03,unidad
2023-09-18,demo-minorista,demo-min-2023-09-18,Mercado Los Pozos,Naranja,Santa Cruz,Criolla,,Normal,,,0.76,unidad
2023-09-18,demo-minorista,demo-min-2023-09-18,Mercado Los Pozos,Frutilla,Comarapa,,,Abundante,,,16.65,kg
2023-09-18,demo-minorista,demo-min-2023-09-18,Mercado Los Pozos,Guineo,Norte Integrado,,,Abundante,,,7.93,docena
2023-09-18,demo-minorista,demo-min-2023-09-18,Mercado Los Pozos,Tomate,Cochabamba,,,Abundante,,,7.97,kg
2023-09-18,demo-minorista,demo-min-2023-09-18,Mercado Los Pozos,Yuca,Norte Integrado,,,Escasa,,,24.77,arroba
2023-10-16,demo-minorista,demo-min-2023-10-16,Mercado Los Pozos,Papaya,,,,Abundante,,,7.11,kg
2023-10-16,demo-minorista,demo-min-2023-10-16,Mercado Los Pozos,Piña,Norte Integrado,,,Abundante,,,11.26,unidad
2023-10-16,demo-minorista,demo-min-2023-10-16,Mercado Los Pozos,Naranja,Santa Cruz,Criolla,,Escasa,,,0.93,unidad
2023-10-16,demo-minorista,demo-min-2023-10-16,Mercado Los Pozos,Fresa,,,,Normal,,,22.25,kg
2023-10-16,demo-minorista,demo-min-2023-10-16,Mercado Los Pozos,Guineo,Norte Integrado,,,Abundante,,,9.95,docena
2023-10-16,demo-minorista,demo-min-2023-10-16,Mercado Los Pozos,Tomate,Cochabamba,,,Normal,,,10.46,kg
2023-10-16,demo-minorista,demo-min-2023-10-16,Mercado Los Pozos,Yuca,Norte Integrado,,,Normal,,,24.85,arroba
2023-11-13,demo-minorista,demo-min-2023-11-13,Mercado Los Pozos,Papaya,Norte Integrado,,,Abundante,,,7.08,kg
2023-11-13,demo-minorista,demo-min-2023-11-13,Mercado Los Pozos,Piña,Beni,,,Abundante,,,10.46,unidad
2023-11-13,demo-minorista,demo-min-2023-11-13,Mercado Los Pozos,Sandía,Santa Cruz,,,Abundante,,,20.10,unidad
2023-11-13,demo-minorista,demo-min-2023-11-13,Mercado Los Pozos,Durazno,Comarapa,,,Escasa,,,17.05,kg
2023-11-13,demo-minorista,demo-min-2023-11-13,Mercado Los Pozos,Frutilla,Comarapa,,,Escasa,,,26.32,kg
2023-11-13,demo-minorista,demo-min-2023-11-13,Mercado Los Pozos,Guineo,,,,Normal,,,9.89,docena
2023-11-13,demo-minorista,demo-min-2023-11-13,Mercado Los Pozos,Tomate,Santa Cruz,,,Normal,,,11.75,kg
2023-11-13,demo-minorista,demo-min-2023-11-13,Mercado Los Pozos,Yuca,Norte Integrado,,,Normal,,,22.60,arroba
2023-12-11,demo-minorista,demo-min-2023-12-11,Mercado Los Pozos,Achachairú,,,,Abundante,,,0.99,unidad
2023-12-11,demo-minorista,demo-min-2023-12-11,Mercado Los Pozos,Papaya,Santa Cruz,,,Abundante,,,6.25,kg
2023-12-11,demo-minorista,demo-min-2023-12-11,Mercado Los Pozos,Piña,,,,Abundante,,,9.95,unidad
2023-12-11,demo-minorista,demo-min-2023-12-11,Mercado Los Pozos,Sandía,,,,Abundante,,,16.52,unidad
2023-12-11,demo-minorista,demo-min-2023-12-11,Mercado Los Pozos,Durazno,Comarapa,,,Abundante,,,14.19,kg
2023-12-11,demo-minorista,demo-min-2023-12-11,Mercado Los Pozos,Banano,Norte Integrado,,,Normal,,,9.17,docena
2023-12-11,demo-minorista,demo-min-2023-12-11,Mercado Los Pozos,Tomate,Cochabamba,,,Normal,,,10.89,kg
2023-12-11,demo-minorista,demo-min-2023-12-11,Mercado Los Pozos,Yuca,,,,Normal,,,19.25,arroba
2024-01-08,demo-minorista,demo-min-2024-01-08,Mercado Los Pozos,Achachairú,,,,Abundante,,,0.93,unidad
2024-01-08,demo-minorista,demo-min-2024-01-08,Mercado Los Pozos,Papaya,Santa Cruz,,,Abundante,,,5.95,kg
2024-01-08,demo-minorista,demo-min-2024-01-08,Mercado Los Pozos,Piña,Santa Cruz,,,Abundante,,,10.08,unidad
2024-01-08,demo-minorista,demo-min-2024-01-08,Mercado Los Pozos,Durazno,Valles Cruceños,,,Abundante,,,11.71,kg
2024-01-08,demo-minorista,demo-min-2024-01-08,Mercado Los Pozos,Guineo,Santa Cruz,,,Abundante,,,8.19,docena
2024-01-08,demo-minorista,demo-min-2024-01-08,Mercado Los Pozos,Tomate,,,,Normal,,,11.09,kg
2024-02-05,demo-minorista,demo-min-2024-02-05,Mercado Los Pozos,Achachairú,,,,Normal,,,1.15,unidad
2024-02-05,demo-minorista,demo-min-2024-02-05,Mercado Los Pozos,Papaya,Santa Cruz,,,Abundante,,,5.49,kg
2024-02-05,demo-minorista,demo-min-2024-02-05,Mercado Los Pozos,Piña,Norte Integrado,,,Abundante,,,11.13,unidad
2024-02-05,demo-minorista,demo-min-2024-02-05,Mercado Los Pozos,Sandía,Santa Cruz,,,Normal,,,23.81,unidad
2024-02-05,demo-minorista,demo-min-2024-02-05,Mercado Los Pozos,Banano,,,,Abundante,,,7.63,docena
2024-02-05,demo-minorista,demo-min-2024-02-05,Mercado Los Pozos,Tomate,Santa Cruz,,,Escasa,,,10.81,kg
2024-02-05,demo-minorista,demo-min-2024-02-05,Mercado Los Pozos,Yuca,Santa Cruz,,,Abundante,,,16.99,arroba
2024-03-04,demo-minorista,demo-min-2024-03-04,Mercado Los Pozos,Papaya,Santa Cruz,,,Abundante,,,5.92,kg
2024-03-04,demo-minorista,demo-min-2024-03-04,Mercado Los Pozos,Guineo,Santa Cruz,,,Abundante,,,7.23,docena
2024-03-04,demo-minorista,demo-min-2024-03-04,Mercado Los Pozos,Tomate,,,,Escasa,,,10.92,kg
2024-03-04,demo-minorista,demo-min-2024-03-04,Mercado Los Pozos,Yuca,,,,Abundante,,,14.24,arroba
2024-04-01,demo-minorista,demo-min-2024-04-01,Mercado Los Pozos,Papaya,Norte Integrado,,,Abundante,,,5.47,kg
2024-04-01,demo-minorista,demo-min-2024-04-01,Mercado Los Pozos,Mandarina,Valles Cruceños,Ponkan,,Abundante,,,0.46,unidad
2024-04-01,demo-minorista,demo-min-2024-04-01,Mercado Los Pozos,Naranja,Norte Integrado,,,Normal,,,0.78,unidad
2024-04-01,demo-minorista,demo-min-2024-04-01,Mercado Los Pozos,Guineo,Santa Cruz,,,Abundante,,,6.46,docena
2024-04-01,demo-minorista,demo-min-2024-04-01,Mercado Los Pozos,Tomate,Santa Cruz,,,Normal,,,9.56,kg
2024-04-01,demo-minorista,demo-min-2024-04-01,Mercado Los Pozos,Yuca,Santa Cruz,,,Abundante,,,15.34,arroba
2024-04-29,demo-minorista,demo-min-2024-04-29,Mercado Los Pozos,Papaya,Norte Integrado,,,Abundante,,,6.39,kg
2024-04-29,demo-minorista,demo-min-2024-04-29,Mercado Los Pozos,Piña,Santa Cruz,,,Escasa,,,15.58,unidad
2024-04-29,demo-minorista,demo-min-2024-04-29,Mercado Los Pozos,Mandarina,Cochabamba,Criolla,,Abundante,,,0.41,unidad
2024-04-29,demo-minorista,demo-min-2024-04-29,Mercado Los Pozos,Naranja,Cochabamba,,,Normal,,,0.62,unidad
2024-04-29,demo-minorista,demo-min-2024-04-29,Mercado Los Pozos,Guineo,Cochabamba,,,Abundante,,,6.87,docena
2024-04-29,demo-minorista,demo-min-2024-04-29,Mercado Los Pozos,Tomate,,,,Abundante,,,9.24,kg
2024-04-29,demo-minorista,demo-min-2024-04-29,Mercado Los Pozos,Yuca,Santa Cruz,,,Abundante,,,15.19,arroba
2024-05-27,demo-minorista,demo-min-2024-05-27,Mercado Los Pozos,Papaya,Santa Cruz,,,Abundante,,,6.41,kg
2024-05-27,demo-minorista,demo-min-2024-05-27,Mercado Los Pozos,Mandarina,Santa Cruz,,,Abundante,,,0.37,unidad
2024-05-27,demo-minorista,demo-min-2024-05-27,Mercado Los Pozos,Naranja,Cochabamba,Criolla,,Abundante,,,0.58,unidad
2024-05-27,demo-minorista,demo-min-2024-05-27,Mercado Los Pozos,Guineo,Santa Cruz,,,Abundante,,,6.81,docena
2024-05-27,demo-minorista,demo-min-2024-05-27,Mercado Los Pozos,Tomate,,,,Abundante,,,7.19,kg
2024-05-27,demo-minorista,demo-min-2024-05-27,Mercado Los Pozos,Yuca,Norte Integrado,,,Abundante,,,14.31,arroba
2024-06-24,demo-minorista,demo-min-2024-06-24,Mercado Los Pozos,Papaya,Santa Cruz,,,Abundante,,,6.58,kg
2024-06-24,demo-minorista,demo-min-2024-06-24,Mercado Los Pozos,Mandarina,,Criolla,,Abundante,,,0.40,unidad
2024-06-24,demo-minorista,demo-min-2024-06-24,Mercado Los Pozos,Naranja,Norte Integrado,Valencia,,Abundante,,,0.54,unidad
2024-06-24,demo-minorista,demo-min-2024-06-24,Mercado Los Pozos,Guineo,Norte Integrado,,,Abundante,,,6.84,docena
2024-06-24,demo-minorista,demo-min-2024-06-24,Mercado Los Pozos,Tomate,Santa Cruz,,,Abundante,,,6.80,kg
2024-06-24,demo-minorista,demo-min-2024-06-24,Mercado Los Pozos,Yuca,Santa Cruz,,,Abundante,,,15.13,arroba
2024-07-22,demo-minorista,demo-min-2024-07-22,Mercado Los Pozos,Papaya,Norte Integrado,,,Normal,,,7.45,kg
2024-07-22,demo-minorista,demo-min-2024-07-22,Mercado Los Pozos,Piña,Santa Cruz,,,Escasa,,,15.07,unidad
2024-07-22,demo-minorista,demo-min-2024-07-22,Mercado Los Pozos,Mandarina,,Criolla,,Abundante,,,0.48,unidad
2024-07-22,demo-minorista,demo-min-2024-07-22,Mercado Los Pozos,Frutilla,Valles Cruceños,,,Abundante,,,16.24,kg
2024-07-22,demo-minorista,demo-min-2024-07-22,Mercado Los Pozos,Guineo,Norte Integrado,,,Abundante,,,6.94,docena
2024-07-22,demo-minorista,demo-min-2024-07-22,Mercado Los Pozos,Tomate,Cochabamba,,,Abundante,,,7.47,kg
2024-08-19,demo-minorista,demo-min-2024-08-19,Mercado Los Pozos,Papaya,Santa Cruz,,,Normal,,,9.24,kg
2024-08-19,demo-minorista,demo-min-2024-08-19,Mercado Los Pozos,Piña,Beni,,,Escasa,,,15.74,unidad
2024-08-19,demo-minorista,demo-min-2024-08-19,Mercado Los Pozos,Naranja,Santa Cruz,,,Abundante,,,0.64,unidad
2024-08-19,demo-minorista,demo-min-2024-08-19,Mercado Los Pozos,Frutilla,,,,Abundante,,,16.56,kg
2024-08-19,demo-minorista,demo-min-2024-08-19,Mercado Los Pozos,Banano,Cochabamba,,,Abundante,,,7.36,docena
2024-08-19,demo-minorista,demo-min-2024-08-19,Mercado Los Pozos,Tomate,Santa Cruz,,,Abundante,,,7.39,kg
2024-08-19,demo-minorista,demo-min-2024-08-19,Mercado Los Pozos,Yuca,Santa Cruz,,,Normal,,,19.97,arroba
2024-09-16,demo-minorista,demo-min-2024-09-16,Mercado Los Pozos,Papaya,Norte Integrado,,,Normal,,,8.16,kg
2024-09-16,demo-minorista,demo-min-2024-09-16,Mercado Los Pozos,Piña,Beni,,,Normal,,,13.68,unidad
2024-09-16,demo-minorista,demo-min-2024-09-16,Mercado Los Pozos,Frutilla,,,,Abundante,,,17.54,kg
2024-09-16,demo-minorista,demo-min-2024-09-16,Mercado Los Pozos,Guineo,Cochabamba,,,Abundante,,,8.44,docena
2024-09-16,demo-minorista,demo-min-2024-09-16,Mercado Los Pozos,Tomate,,,,Abundante,,,8.71,kg
2024-09-16,demo-minorista,demo-min-2024-09-16,Mercado Los Pozos,Yuca,Santa Cruz,,,Normal,,,24.41,arroba
2024-10-14,demo-minorista,demo-min-2024-10-14,Mercado Los Pozos,Papaya,Norte Integrado,,,Normal,,,7.82,kg
2024-10-14,demo-minorista,demo-min-2024-10-14,Mercado Los Pozos,Piña,Norte Integrado,,,Abundante,,,11.63,unidad
2024-10-14,demo-minorista,demo-min-2024-10-14,Mercado Los Pozos,Frutilla,,,,Normal,,,21.89,kg
2024-10-14,demo-minorista,demo-min-2024-10-14,Mercado Los Pozos,Guineo,Norte Integrado,,,Normal,,,8.91,docena
2024-10-14,demo-minorista,demo-min-2024-10-14,Mercado Los Pozos,Tomate,Santa Cruz,,,Abundante,,,10.30,kg
2024-10-14,demo-minorista,demo-min-2024-10-14,Mercado Los Pozos,Yuca,Santa Cruz,,,Normal,,,24.61,arroba
2024-11-11,demo-minorista,demo-min-2024-11-11,Mercado Los Pozos,Achachairú,Norte Integrado,,,Escasa,,,1.27,unidad
2024-11-11,demo-minorista,demo-min-2024-11-11,Mercado Los Pozos,Papaya,Santa Cruz,,,Abundante,,,7.00,kg
2024-11-11,demo-minorista,demo-min-2024-11-11,Mercado Los Pozos,Piña,Santa Cruz,,,Abundante,,,10.55,unidad
2024-11-11,demo-minorista,demo-min-2024-11-11,Mercado Los Pozos,Sandía,Valles Cruceños,,,Abundante,,,20.20,unidad
2024-11-11,demo-minorista,demo-min-2024-11-11,Mercado Los Pozos,Durazno,Valles Cruceños,,,Normal,,,16.62,kg
2024-11-11,demo-minorista,demo-min-2024-11-11,Mercado Los Pozos,Fresa,Comarapa,,,Escasa,,,26.47,kg
2024-11-11,demo-minorista,demo-min-2024-11-11,Mercado Los Pozos,Guineo,Norte Integrado,,,Normal,,,9.73,docena
2024-11-11,demo-minorista,demo-min-2024-11-11,Mercado Los Pozos,Tomate,Santa Cruz,,,Normal,,,12.29,kg
2024-11-11,demo-minorista,demo-min-2024-11-11,Mercado Los Pozos,Yuca,Santa Cruz,,,Normal,,,24.65,arroba
2024-12-09,demo-minorista,demo-min-2024-12-09,Mercado Los Pozos,Achacha,Santa Cruz,,,Abundante,,,1.01,unidad
2024-12-09,demo-minorista,demo-min-2024-12-09,Mercado Los Pozos,Papaya,Santa Cruz,,,Abundante,,,6.12,kg
2024-12-09,demo-minorista,demo-min-2024-12-09,Mercado Los Pozos,Piña,Norte Integrado,,,Abundante,,,9.73,unidad
2024-12-09,demo-minorista,demo-min-2024-12-09,Mercado Los Pozos,Sandía,,,,Abundante,,,18.82,unidad
2024-12-09,demo-minorista,demo-min-2024-12-09,Mercado Los Pozos,Durazno,Comarapa,,,Abundante,,,13.84,kg
2024-12-09,demo-minorista,demo-min-2024-12-09,Mercado Los Pozos,Guineo,Norte Integrado,,,Normal,,,9.33,docena
2024-12-09,demo-minorista,demo-min-2024-12-09,Mercado Los Pozos,Yuca,Norte Integrado,,,Normal,,,20.27,arroba
2025-01-06,demo-minorista,demo-min-2025-01-06,Mercado Los Pozos,Achachairú,Santa Cruz,,,Abundante,,,0.85,unidad
2025-01-06,demo-minorista,demo-min-2025-01-06,Mercado Los Pozos,Papaya,Santa Cruz,,,Abundante,,,6.25,kg
2025-01-06,demo-minorista,demo-min-2025-01-06,Mercado Los Pozos,Mandarina,Santa Cruz,Criolla,,Escasa,,,0.66,unidad
2025-01-06,demo-minorista,demo-min-2025-01-06,Mercado Los Pozos,Sandía,Santa Cruz,,,Abundante,,,19.35,unidad
2025-01-06,demo-minorista,demo-min-2025-01-06,Mercado Los Pozos,Durazno,Valles Cruceños,,,Abundante,,,11.97,kg
2025-01-06,demo-minorista,demo-min-2025-01-06,Mercado Los Pozos,Banano,Cochabamba,,,Normal,,,7.88,docena
2025-01-06,demo-minorista,demo-min-2025-01-06,Mercado Los Pozos,Tomate,Cochabamba,,,Escasa,,,10.81,kg
2025-02-03,demo-minorista,demo-min-2025-02-03,Mercado Los Pozos,Achacha,,,,Normal,,,1.04,unidad
2025-02-03,demo-minorista,demo-min-2025-02-03,Mercado Los Pozos,Papaya,Norte Integrado,,,Abundante,,,6.13,kg
2025-02-03,demo-minorista,demo-min-2025-02-03,Mercado Los Pozos,Piña,Norte Integrado,,,Abundante,,,10.83,unidad
2025-02-03,demo-minorista,demo-min-2025-02-03,Mercado Los Pozos,Mandarina,Santa Cruz,Ponkan,,Escasa,,,0.62,unidad
2025-02-03,demo-minorista,demo-min-2025-02-03,Mercado Los Pozos,Sandía,,,,Normal,,,24.09,unidad
2025-02-03,demo-minorista,demo-min-2025-02-03,Mercado Los Pozos,Durazno,Mairana,,,Abundante,,,12.80,kg
2025-02-03,demo-minorista,demo-min-2025-02-03,Mercado Los Pozos,Guineo,Santa Cruz,,,Abundante,,,7.51,docena
2025-02-03,demo-minorista,demo-min-2025-02-03,Mercado Los Pozos,Tomate,Valles Cruceños,,,Normal,,,11.14,kg
2025-03-03,demo-minorista,demo-min-2025-03-03,Mercado Los Pozos,Papaya,Santa Cruz,,,Abundante,,,5.20,kg
2025-03-03,demo-minorista,demo-min-2025-03-03,Mercado Los Pozos,Piña,Santa Cruz,,,Normal,,,12.22,unidad
2025-03-03,demo-minorista,demo-min-2025-03-03,Mercado Los Pozos,Durazno,Comarapa,,,Normal,,,16.41,kg
2025-03-03,demo-minorista,demo-min-2025-03-03,Mercado Los Pozos,Banano,Norte Integrado,,,Abundante,,,7.00,docena
2025-03-03,demo-minorista,demo-min-2025-03-03,Mercado Los Pozos,Tomate,Valles Cruceños,,,Escasa,,,11.13,kg
2025-03-03,demo-minorista,demo-min-2025-03-03,Mercado Los Pozos,Yuca,Santa Cruz,,,Abundante,,,15.77,arroba
2025-03-31,demo-minorista,demo-min-2025-03-31,Mercado Los Pozos,Papaya,Beni,,,Abundante,,,5.51,kg
2025-03-31,demo-minorista,demo-min-2025-03-31,Mercado Los Pozos,Piña,Norte Integrado,,,Normal,,,16.78,unidad
2025-03-31,demo-minorista,demo-min-2025-03-31,Mercado Los Pozos,Mandarina,Santa Cruz,,,Normal,,,0.49,unidad
2025-03-31,demo-minorista,demo-min-2025-03-31,Mercado Los Pozos,Naranja,,,,Normal,,,0.78,unidad
2025-03-31,demo-minorista,demo-min-2025-03-31,Mercado Los Pozos,Guineo,Santa Cruz,,,Abundante,,,6.46,docena
2025-03-31,demo-minorista,demo-min-2025-03-31,Mercado Los Pozos,Tomate,Valles Cruceños,,,Normal,,,9.57,kg
2025-03-31,demo-minorista,demo-min-2025-03-31,Mercado Los Pozos,Yuca,Santa Cruz,,,Abundante,,,13.97,arroba
2025-04-28,demo-minorista,demo-min-2025-04-28,Mercado Los Pozos,Papaya,Santa Cruz,,,Abundante,,,5.49,kg
2025-04-28,demo-minorista,demo-min-2025-04-28,Mercado Los Pozos,Piña,Norte Integrado,,,Normal,,,16.13,unidad
2025-04-28,demo-minorista,demo-min-2025-04-28,Mercado Los Pozos,Mandarina,Cochabamba,Criolla,,Abundante,,,0.40,unidad
2025-04-28,demo-minorista,demo-min-2025-04-28,Mercado Los Pozos,Naranja,Santa Cruz,,,Abundante,,,0.61,unidad
2025-04-28,demo-minorista,demo-min-2025-04-28,Mercado Los Pozos,Guineo,Cochabamba,,,Abundante,,,6.05,docena
2025-04-28,demo-minorista,demo-min-2025-04-28,Mercado Los Pozos,Tomate,Cochabamba,,,Abundante,,,8.21,kg
2025-04-28,demo-minorista,demo-min-2025-04-28,Mercado Los Pozos,Yuca,Santa Cruz,,,Abundante,,,14.51,arroba
2025-05-26,demo-minorista,demo-min-2025-05-26,Mercado Los Pozos,Papaya,Norte Integrado,,,Abundante,,,6.30,kg
2025-05-26,demo-minorista,demo-min-2025-05-26,Mercado Los Pozos,Piña,Beni,,,Normal,,,14.85,unidad
2025-05-26,demo-minorista,demo-min-2025-05-26,Mercado Los Pozos,Mandarina,Santa Cruz,Ponkan,,Abundante,,,0.39,unidad
2025-05-26,demo-minorista,demo-min-2025-05-26,Mercado Los Pozos,Naranja,Norte Integrado,Criolla,,Abundante,,,0.58,unidad
2025-05-26,demo-minorista,demo-min-2025-05-26,Mercado Los Pozos,Guineo,Norte Integrado,,,Abundante,,,6.47,docena
2025-05-26,demo-minorista,demo-min-2025-05-26,Mercado Los Pozos,Tomate,Santa Cruz,,,Abundante,,,7.60,kg
2025-05-26,demo-minorista,demo-min-2025-05-26,Mercado Los Pozos,Yuca,,,,Abundante,,,15.17,arroba
2025-06-23,demo-minorista,demo-min-2025-06-23,Mercado Los Pozos,Papaya,Santa Cruz,,,Abundante,,,7.17,kg
2025-06-23,demo-minorista,demo-min-2025-06-23,Mercado Los Pozos,Piña,,,,Escasa,,,16.76,unidad
2025-06-23,demo-minorista,demo-min-2025-06-23,Mercado Los Pozos,Mandarina,Cochabamba,Criolla,,Abundante,,,0.40,unidad
2025-06-23,demo-minorista,demo-min-2025-06-23,Mercado Los Pozos,Naranja,Cochabamba,Criolla,,Abundante,,,0.58,unidad
2025-06-23,demo-minorista,demo-min-2025-06-23,Mercado Los Pozos,Guineo,Norte Integrado,,,Abundante,,,7.03,docena
2025-06-23,demo-minorista,demo-min-2025-06-23,Mercado Los Pozos,Tomate,Valles Cruceños,,,Abundante,,,7.12,kg
2025-06-23,demo-minorista,demo-min-2025-06-23,Mercado Los Pozos,Yuca,Norte Integrado,,,Abundante,,,16.26,arroba
2025-08-18,demo-minorista,demo-min-2025-08-18,Mercado Los Pozos,Piña,,,,Normal,,,14.63,unidad
2025-08-18,demo-minorista,demo-min-2025-08-18,Mercado Los Pozos,Naranja,Santa Cruz,Criolla,,Abundante,,,0.63,unidad
2025-08-18,demo-minorista,demo-min-2025-08-18,Mercado Los Pozos,Frutilla,Comarapa,,,Abundante,,,17.18,kg
2025-08-18,demo-minorista,demo-min-2025-08-18,Mercado Los Pozos,Banano,Cochabamba,,,Abundante,,,7.87,docena
2025-08-18,demo-minorista,demo-min-2025-08-18,Mercado Los Pozos,Tomate,,,,Abundante,,,7.85,kg
2025-08-18,demo-minorista,demo-min-2025-08-18,Mercado Los Pozos,Yuca,Norte Integrado,,,Normal,,,20.54,arroba
2025-09-15,demo-minorista,demo-min-2025-09-15,Mercado Los Pozos,Papaya,Norte Integrado,,,Normal,,,7.95,kg
2025-09-15,demo-minorista,demo-min-2025-09-15,Mercado Los Pozos,Piña,Santa Cruz,,,Normal,,,13.73,unidad
2025-09-15,demo-minorista,demo-min-2025-09-15,Mercado Los Pozos,Naranja,Norte Integrado,,,Normal,,,0.69,unidad
2025-09-15,demo-minorista,demo-min-2025-09-15,Mercado Los Pozos,Fresa,Valles Cruceños,,,Abundante,,,16.13,kg
2025-09-15,demo-minorista,demo-min-2025-09-15,Mercado Los Pozos,Banano,Santa Cruz,,,Abundante,,,8.01,docena
2025-09-15,demo-minorista,demo-min-2025-09-15,Mercado Los Pozos,Tomate,Cochabamba,,,Abundante,,,8.83,kg
2025-09-15,demo-minorista,demo-min-2025-09-15,Mercado Los Pozos,Yuca,Santa Cruz,,,Normal,,,22.84,arroba
2025-10-13,demo-minorista,demo-min-2025-10-13,Mercado Los Pozos,Papaya,,,,Normal,,,7.29,kg
2025-10-13,demo-minorista,demo-min-2025-10-13,Mercado Los Pozos,Piña,Santa Cruz,,,Abundante,,,11.55,unidad
2025-10-13,demo-minorista,demo-min-2025-10-13,Mercado Los Pozos,Sandía,Santa Cruz,,,Normal,,,22.78,unidad
2025-10-13,demo-minorista,demo-min-2025-10-13,Mercado Los Pozos,Frutilla,Comarapa,,,Normal,,,21.03,kg
2025-10-13,demo-minorista,demo-min-2025-10-13,Mercado Los Pozos,Guineo,Norte Integrado,,,Normal,,,8.84,docena
2025-10-13,demo-minorista,demo-min-2025-10-13,Mercado Los Pozos,Tomate,Cochabamba,,,Normal,,,10.37,kg
2025-10-13,demo-minorista,demo-min-2025-10-13,Mercado Los Pozos,Yuca,,,,Normal,,,23.13,arroba
2025-11-10,demo-minorista,demo-min-2025-11-10,Mercado Los Pozos,Papaya,Norte Integrado,,,Normal,,,6.89,kg
2025-11-10,demo-minorista,demo-min-2025-11-10,Mercado Los Pozos,Piña,,,,Abundante,,,9.72,unidad
2025-11-10,demo-minorista,demo-min-2025-11-10,Mercado Los Pozos,Naranja,Cochabamba,Valencia,,Escasa,,,0.86,unidad
2025-11-10,demo-minorista,demo-min-2025-11-10,Mercado Los Pozos,Sandía,Santa Cruz,,,Abundante,,,19.08,unidad
2025-11-10,demo-minorista,demo-min-2025-11-10,Mercado Los Pozos,Guineo,Santa Cruz,,,Normal,,,10.36,docena
2025-11-10,demo-minorista,demo-min-2025-11-10,Mercado Los Pozos,Tomate,Valles Cruceños,,,Normal,,,11.26,kg
2025-11-10,demo-minorista,demo-min-2025-11-10,Mercado Los Pozos,Yuca,Santa Cruz,,,Normal,,,22.33,arroba
2025-12-08,demo-minorista,demo-min-2025-12-08,Mercado Los Pozos,Achacha,Santa Cruz,,,Abundante,,,1.03,unidad
2025-12-08,demo-minorista,demo-min-2025-12-08,Mercado Los Pozos,Papaya,Norte Integrado,,,Abundante,,,5.85,kg
2025-12-08,demo-minorista,demo-min-2025-12-08,Mercado Los Pozos,Piña,Beni,,,Abundante,,,9.79,unidad
2025-12-08,demo-minorista,demo-min-2025-12-08,Mercado Los Pozos,Sandía,Valles Cruceños,,,Abundante,,,17.26,unidad
2025-12-08,demo-minorista,demo-min-2025-12-08,Mercado Los Pozos,Tomate,Santa Cruz,,,Normal,,,12.58,kg
2026-01-05,demo-minorista,demo-min-2026-01-05,Mercado Los Pozos,Achachairú,Sta. Cruz,,,Abundante,,,0.96,unidad
2026-01-05,demo-minorista,demo-min-2026-01-05,Mercado Los Pozos,Papaya,Santa Cruz,,,Abundante,,,5.78,kg
2026-01-05,demo-minorista,demo-min-2026-01-05,Mercado Los Pozos,Piña,Santa Cruz,,,Abundante,,,9.18,unidad
2026-01-05,demo-minorista,demo-min-2026-01-05,Mercado Los Pozos,Durazno,Comarapa,,,Abundante,,,12.64,kg
2026-01-05,demo-minorista,demo-min-2026-01-05,Mercado Los Pozos,Guineo,Norte Integrado,,,Normal,,,8.85,docena
2026-01-05,demo-minorista,demo-min-2026-01-05,Mercado Los Pozos,Tomate,Valles Cruceños,,,Escasa,,,10.90,kg
2026-01-05,demo-minorista,demo-min-2026-01-05,Mercado Los Pozos,Yuca,Norte Integrado,,,Abundante,,,19.31,arroba
2026-02-02,demo-minorista,demo-min-2026-02-02,Mercado Los Pozos,Achachairú,Norte Integrado,,,Abundante,,,1.03,unidad
2026-02-02,demo-minorista,demo-min-2026-02-02,Mercado Los Pozos,Papaya,Beni,,,Abundante,,,5.52,kg
2026-02-02,demo-minorista,demo-min-2026-02-02,Mercado Los Pozos,Banano,Norte Integrado,,,Abundante,,,7.19,docena
2026-02-02,demo-minorista,demo-min-2026-02-02,Mercado Los Pozos,Tomate,Valles Cruceños,,,Normal,,,12.29,kg
2026-02-02,demo-minorista,demo-min-2026-02-02,Mercado Los Pozos,Yuca,,,,Abundante,,,16.44,arroba
2026-03-02,demo-minorista,demo-min-2026-03-02,Mercado Los Pozos,Papaya,Norte Integrado,,,Abundante,,,5.43,kg
2026-03-02,demo-minorista,demo-min-2026-03-02,Mercado Los Pozos,Piña,Norte Integrado,,,Normal,,,13.69,unidad
2026-03-02,demo-minorista,demo-min-2026-03-02,Mercado Los Pozos,Banano,Santa Cruz,,,Abundante,,,7.53,docena
2026-03-02,demo-minorista,demo-min-2026-03-02,Mercado Los Pozos,Tomate,Valles Cruceños,,,Normal,,,11.21,kg
2026-03-02,demo-minorista,demo-min-2026-03-02,Mercado Los Pozos,Yuca,Norte Integrado,,,Abundante,,,14.58,arroba
2026-04-27,demo-minorista,demo-min-2026-04-27,Mercado Los Pozos,Papaya,Norte Integrado,,,Abundante,,,5.55,kg
2026-04-27,demo-minorista,demo-min-2026-04-27,Mercado Los Pozos,Piña,Santa Cruz,,,Escasa,,,15.52,unidad
2026-04-27,demo-minorista,demo-min-2026-04-27,Mercado Los Pozos,Mandarina,Cbba.,,,Abundante,,,0.41,unidad
2026-04-27,demo-minorista,demo-min-2026-04-27,Mercado Los Pozos,Guineo,Santa Cruz,,,Abundante,,,6.45,docena
2026-04-27,demo-minorista,demo-min-2026-04-27,Mercado Los Pozos,Tomate,Santa Cruz,,,Abundante,,,9.14,kg
2026-04-27,demo-minorista,demo-min-2026-04-27,Mercado Los Pozos,Yuca,Norte Integrado,,,Abundante,,,15.22,arroba
2026-05-25,demo-minorista,demo-min-2026-05-25,Mercado Los Pozos,Papaya,Santa Cruz,,,Abundante,,,6.16,kg
2026-05-25,demo-minorista,demo-min-2026-05-25,Mercado Los Pozos,Piña,,,,Escasa,,,15.30,unidad
2026-05-25,demo-minorista,demo-min-2026-05-25,Mercado Los Pozos,Mandarina,Santa Cruz,Criolla,,Abundante,,,0.38,unidad
2026-05-25,demo-minorista,demo-min-2026-05-25,Mercado Los Pozos,Naranja,,,,Abundante,,,0.54,unidad
2026-05-25,demo-minorista,demo-min-2026-05-25,Mercado Los Pozos,Banano,,,,Abundante,,,6.90,docena
2026-05-25,demo-minorista,demo-min-2026-05-25,Mercado Los Pozos,Tomate,,,,Abundante,,,7.83,kg
2026-05-25,demo-minorista,demo-min-2026-05-25,Mercado Los Pozos,Yuca,Norte Integrado,,,Abundante,,,15.52,arroba
2026-06-22,demo-minorista,demo-min-2026-06-22,Mercado Los Pozos,Papaya,Santa Cruz,,,Abundante,,,6.75,kg
2026-06-22,demo-minorista,demo-min-2026-06-22,Mercado Los Pozos,Piña,Norte Integrado,,,Escasa,,,14.92,unidad
2026-06-22,demo-minorista,demo-min-2026-06-22,Mercado Los Pozos,Mandarina,,,,Abundante,,,0.41,unidad
2026-06-22,demo-minorista,demo-min-2026-06-22,Mercado Los Pozos,Naranja,Santa Cruz,Criolla,,Abundante,,,0.52,unidad
2026-06-22,demo-minorista,demo-min-2026-06-22,Mercado Los Pozos,Durazno,Chile,,,Escasa,,,19.10,kg
2026-06-22,demo-minorista,demo-min-2026-06-22,Mercado Los Pozos,Banano,,,,Abundante,,,6.87,docena
2026-06-22,demo-minorista,demo-min-2026-06-22,Mercado Los Pozos,Tomate,Santa Cruz,,,Abundante,,,7.83,kg
2026-06-22,demo-minorista,demo-min-2026-06-22,Mercado Los Pozos,Yuca,Norte Integrado,,,Abundante,,,15.54,arroba
2026-07-20,demo-minorista,demo-min-2026-07-20,Mercado Los Pozos,Papaya,Beni,,,Abundante,,,7.24,kg
2026-07-20,demo-minorista,demo-min-2026-07-20,Mercado Los Pozos,Piña,Norte Integrado,,,Normal,,,14.52,unidad
2026-07-20,demo-minorista,demo-min-2026-07-20,Mercado Los Pozos,Mandarina,Cochabamba,,,Normal,,,0.51,unidad
2026-07-20,demo-minorista,demo-min-2026-07-20,Mercado Los Pozos,Naranja,Cochabamba,Valencia,,Abundante,,,0.62,unidad
2026-07-20,demo-minorista,demo-min-2026-07-20,Mercado Los Pozos,Frutilla,Comarapa,,,Abundante,,,16.74,kg
2026-07-20,demo-minorista,demo-min-2026-07-20,Mercado Los Pozos,Banano,Norte Integrado,,,Abundante,,,7.20,docena
2026-07-20,demo-minorista,demo-min-2026-07-20,Mercado Los Pozos,Tomate,Cochabamba,,,Abundante,,,7.42,kg
2026-07-20,demo-minorista,demo-min-2026-07-20,Mercado Los Pozos,Yuca,Santa Cruz,,,Abundante,,,19.27,arroba
2026-08-17,demo-minorista,demo-min-2026-08-17,Mercado Los Pozos,Papaya,Beni,,,Normal,,,8.40,kg
2026-08-17,demo-minorista,demo-min-2026-08-17,Mercado Los Pozos,Piña,Santa Cruz,,,Normal,,,15.50,unidad
2026-08-17,demo-minorista,demo-min-2026-08-17,Mercado Los Pozos,Naranja,Cochabamba,Criolla,,Normal,,,0.65,unidad
2026-08-17,demo-minorista,demo-min-2026-08-17,Mercado Los Pozos,Frutilla,Valles Cruceños,,,Abundante,,,16.01,kg
2026-08-17,demo-minorista,demo-min-2026-08-17,Mercado Los Pozos,Banano,,,,Abundante,,,7.52,docena
2026-08-17,demo-minorista,demo-min-2026-08-17,Mercado Los Pozos,Tomate,Cochabamba,,,Abundante,,,7.20,kg
2026-08-17,demo-minorista,demo-min-2026-08-17,Mercado Los Pozos,Yuca,Santa Cruz,,,Normal,,,21.62,arroba
